PolicyID,DateTime,StoreID,ProductID,Inventory
Sim,2017-01-04,1.0,1.0,399.0
Sim,2017-01-04,1.0,2.0,99.0
Sim,2017-01-04,1.0,3.0,69.0
Sim,2017-01-04,1.0,4.0,0.0
Sim,2017-01-04,1.0,5.0,175.0
Sim,2017-01-04,1.0,6.0,0.0
Sim,2017-01-04,1.0,7.0,221.0
Sim,2017-01-04,1.0,8.0,0.0
Sim,2017-01-04,1.0,9.0,0.0
Sim,2017-01-04,1.0,10.0,36.0
Sim,2017-01-04,1.0,11.0,0.0
Sim,2017-01-04,1.0,12.0,0.0
Sim,2017-01-04,1.0,13.0,48.0
Sim,2017-01-04,1.0,14.0,0.0
Sim,2017-01-04,1.0,15.0,0.0
Sim,2017-01-04,1.0,16.0,64.0
Sim,2017-01-04,1.0,17.0,147.0
Sim,2017-01-04,1.0,18.0,0.0
Sim,2017-01-04,1.0,19.0,975.0
Sim,2017-01-04,1.0,20.0,0.0
s_Q,2017-01-04,1.0,11.0,66.0
s_Q,2017-01-04,1.0,12.0,232.0
s_Q,2017-01-04,1.0,13.0,281.0
s_Q,2017-01-04,1.0,14.0,390.0
s_Q,2017-01-04,1.0,15.0,121.0
s_Q,2017-01-04,1.0,16.0,144.0
s_Q,2017-01-04,1.0,17.0,431.0
s_Q,2017-01-04,1.0,18.0,105.0
s_Q,2017-01-04,1.0,19.0,2640.0
s_Q,2017-01-04,1.0,20.0,252.0
s_Q_perishable,2017-01-04,1.0,1.0,1389.0
s_Q_perishable,2017-01-04,1.0,2.0,254.0
s_Q_perishable,2017-01-04,1.0,3.0,127.0
s_Q_perishable,2017-01-04,1.0,4.0,1604.0
s_Q_perishable,2017-01-04,1.0,5.0,547.0
s_Q_perishable,2017-01-04,1.0,6.0,135.0
s_Q_perishable,2017-01-04,1.0,7.0,431.0
s_Q_perishable,2017-01-04,1.0,8.0,2496.0
s_Q_perishable,2017-01-04,1.0,9.0,64.0
s_Q_perishable,2017-01-04,1.0,10.0,293.0
Sim,2017-01-04,2.0,1.0,23.0
Sim,2017-01-04,2.0,2.0,432.0
Sim,2017-01-04,2.0,3.0,110.0
Sim,2017-01-04,2.0,4.0,0.0
Sim,2017-01-04,2.0,5.0,32.0
Sim,2017-01-04,2.0,6.0,0.0
Sim,2017-01-04,2.0,7.0,50.0
Sim,2017-01-04,2.0,8.0,0.0
Sim,2017-01-04,2.0,9.0,20.0
Sim,2017-01-04,2.0,10.0,0.0
Sim,2017-01-04,2.0,11.0,36.0
Sim,2017-01-04,2.0,12.0,985.0
Sim,2017-01-04,2.0,13.0,36.0
Sim,2017-01-04,2.0,14.0,0.0
Sim,2017-01-04,2.0,15.0,0.0
Sim,2017-01-04,2.0,16.0,299.0
Sim,2017-01-04,2.0,17.0,30.0
Sim,2017-01-04,2.0,18.0,0.0
Sim,2017-01-04,2.0,19.0,460.0
Sim,2017-01-04,2.0,20.0,0.0
s_Q,2017-01-04,2.0,11.0,178.0
s_Q,2017-01-04,2.0,12.0,1869.0
s_Q,2017-01-04,2.0,13.0,173.0
s_Q,2017-01-04,2.0,14.0,97.0
s_Q,2017-01-04,2.0,15.0,181.0
s_Q,2017-01-04,2.0,16.0,1139.0
s_Q,2017-01-04,2.0,17.0,54.0
s_Q,2017-01-04,2.0,18.0,1745.0
s_Q,2017-01-04,2.0,19.0,1170.0
s_Q,2017-01-04,2.0,20.0,101.0
s_Q_perishable,2017-01-04,2.0,1.0,37.0
s_Q_perishable,2017-01-04,2.0,2.0,862.0
s_Q_perishable,2017-01-04,2.0,3.0,176.0
s_Q_perishable,2017-01-04,2.0,4.0,69.0
s_Q_perishable,2017-01-04,2.0,5.0,86.0
s_Q_perishable,2017-01-04,2.0,6.0,105.0
s_Q_perishable,2017-01-04,2.0,7.0,0.0
s_Q_perishable,2017-01-04,2.0,8.0,126.0
s_Q_perishable,2017-01-04,2.0,9.0,51.0
s_Q_perishable,2017-01-04,2.0,10.0,149.0
Sim,2017-01-04,3.0,1.0,0.0
Sim,2017-01-04,3.0,2.0,91.0
Sim,2017-01-04,3.0,3.0,616.0
Sim,2017-01-04,3.0,4.0,0.0
Sim,2017-01-04,3.0,5.0,0.0
Sim,2017-01-04,3.0,6.0,2100.0
Sim,2017-01-04,3.0,7.0,32.0
Sim,2017-01-04,3.0,8.0,70.0
Sim,2017-01-04,3.0,9.0,23.0
Sim,2017-01-04,3.0,10.0,19.0
Sim,2017-01-04,3.0,11.0,0.0
Sim,2017-01-04,3.0,12.0,57.0
Sim,2017-01-04,3.0,13.0,160.0
Sim,2017-01-04,3.0,14.0,0.0
Sim,2017-01-04,3.0,15.0,1148.0
Sim,2017-01-04,3.0,16.0,779.0
Sim,2017-01-04,3.0,17.0,138.0
Sim,2017-01-04,3.0,18.0,17.0
Sim,2017-01-04,3.0,19.0,18.0
Sim,2017-01-04,3.0,20.0,0.0
s_Q,2017-01-04,3.0,11.0,221.0
s_Q,2017-01-04,3.0,12.0,106.0
s_Q,2017-01-04,3.0,13.0,585.0
s_Q,2017-01-04,3.0,14.0,240.0
s_Q,2017-01-04,3.0,15.0,1087.0
s_Q,2017-01-04,3.0,16.0,1949.0
s_Q,2017-01-04,3.0,17.0,219.0
s_Q,2017-01-04,3.0,18.0,117.0
s_Q,2017-01-04,3.0,19.0,87.0
s_Q,2017-01-04,3.0,20.0,557.0
s_Q_perishable,2017-01-04,3.0,1.0,154.0
s_Q_perishable,2017-01-04,3.0,2.0,454.0
s_Q_perishable,2017-01-04,3.0,3.0,1989.0
s_Q_perishable,2017-01-04,3.0,4.0,135.0
s_Q_perishable,2017-01-04,3.0,5.0,191.0
s_Q_perishable,2017-01-04,3.0,6.0,1420.0
s_Q_perishable,2017-01-04,3.0,7.0,68.0
s_Q_perishable,2017-01-04,3.0,8.0,127.0
s_Q_perishable,2017-01-04,3.0,9.0,125.0
s_Q_perishable,2017-01-04,3.0,10.0,129.0
Sim,2017-01-04,4.0,1.0,0.0
Sim,2017-01-04,4.0,2.0,0.0
Sim,2017-01-04,4.0,3.0,0.0
Sim,2017-01-04,4.0,4.0,574.0
Sim,2017-01-04,4.0,5.0,342.0
Sim,2017-01-04,4.0,6.0,0.0
Sim,2017-01-04,4.0,7.0,1001.0
Sim,2017-01-04,4.0,8.0,144.0
Sim,2017-01-04,4.0,9.0,0.0
Sim,2017-01-04,4.0,10.0,306.0
Sim,2017-01-04,4.0,11.0,0.0
Sim,2017-01-04,4.0,12.0,0.0
Sim,2017-01-04,4.0,13.0,0.0
Sim,2017-01-04,4.0,14.0,0.0
Sim,2017-01-04,4.0,15.0,0.0
Sim,2017-01-04,4.0,16.0,14.0
Sim,2017-01-04,4.0,17.0,0.0
Sim,2017-01-04,4.0,18.0,0.0
Sim,2017-01-04,4.0,19.0,49.0
Sim,2017-01-04,4.0,20.0,0.0
s_Q,2017-01-04,4.0,11.0,217.0
s_Q,2017-01-04,4.0,12.0,960.0
s_Q,2017-01-04,4.0,13.0,222.0
s_Q,2017-01-04,4.0,14.0,423.0
s_Q,2017-01-04,4.0,15.0,580.0
s_Q,2017-01-04,4.0,16.0,115.0
s_Q,2017-01-04,4.0,17.0,1070.0
s_Q,2017-01-04,4.0,18.0,777.0
s_Q,2017-01-04,4.0,19.0,76.0
s_Q,2017-01-04,4.0,20.0,2104.0
s_Q_perishable,2017-01-04,4.0,1.0,398.0
s_Q_perishable,2017-01-04,4.0,2.0,385.0
s_Q_perishable,2017-01-04,4.0,3.0,363.0
s_Q_perishable,2017-01-04,4.0,4.0,2101.0
s_Q_perishable,2017-01-04,4.0,5.0,355.0
s_Q_perishable,2017-01-04,4.0,6.0,852.0
s_Q_perishable,2017-01-04,4.0,7.0,949.0
s_Q_perishable,2017-01-04,4.0,8.0,162.0
s_Q_perishable,2017-01-04,4.0,9.0,95.0
s_Q_perishable,2017-01-04,4.0,10.0,578.0
Sim,2017-01-04,5.0,1.0,0.0
Sim,2017-01-04,5.0,2.0,0.0
Sim,2017-01-04,5.0,3.0,30.0
Sim,2017-01-04,5.0,4.0,0.0
Sim,2017-01-04,5.0,5.0,0.0
Sim,2017-01-04,5.0,6.0,96.0
Sim,2017-01-04,5.0,7.0,0.0
Sim,2017-01-04,5.0,8.0,0.0
Sim,2017-01-04,5.0,9.0,0.0
Sim,2017-01-04,5.0,10.0,289.0
Sim,2017-01-04,5.0,11.0,0.0
Sim,2017-01-04,5.0,12.0,1122.0
Sim,2017-01-04,5.0,13.0,168.0
Sim,2017-01-04,5.0,14.0,0.0
Sim,2017-01-04,5.0,15.0,80.0
Sim,2017-01-04,5.0,16.0,568.0
Sim,2017-01-04,5.0,17.0,0.0
Sim,2017-01-04,5.0,18.0,528.0
Sim,2017-01-04,5.0,19.0,0.0
Sim,2017-01-04,5.0,20.0,51.0
s_Q,2017-01-04,5.0,11.0,183.0
s_Q,2017-01-04,5.0,12.0,1512.0
s_Q,2017-01-04,5.0,13.0,428.0
s_Q,2017-01-04,5.0,14.0,215.0
s_Q,2017-01-04,5.0,15.0,171.0
s_Q,2017-01-04,5.0,16.0,559.0
s_Q,2017-01-04,5.0,17.0,722.0
s_Q,2017-01-04,5.0,18.0,2199.0
s_Q,2017-01-04,5.0,19.0,413.0
s_Q,2017-01-04,5.0,20.0,148.0
s_Q_perishable,2017-01-04,5.0,1.0,735.0
s_Q_perishable,2017-01-04,5.0,2.0,166.0
s_Q_perishable,2017-01-04,5.0,3.0,147.0
s_Q_perishable,2017-01-04,5.0,4.0,824.0
s_Q_perishable,2017-01-04,5.0,5.0,2612.0
s_Q_perishable,2017-01-04,5.0,6.0,554.0
s_Q_perishable,2017-01-04,5.0,7.0,661.0
s_Q_perishable,2017-01-04,5.0,8.0,554.0
s_Q_perishable,2017-01-04,5.0,9.0,51.0
s_Q_perishable,2017-01-04,5.0,10.0,221.0
Sim,2017-01-04,6.0,1.0,1.0
Sim,2017-01-04,6.0,2.0,98.0
Sim,2017-01-04,6.0,3.0,0.0
Sim,2017-01-04,6.0,4.0,0.0
Sim,2017-01-04,6.0,5.0,0.0
Sim,2017-01-04,6.0,6.0,0.0
Sim,2017-01-04,6.0,7.0,0.0
Sim,2017-01-04,6.0,8.0,0.0
Sim,2017-01-04,6.0,9.0,0.0
Sim,2017-01-04,6.0,10.0,0.0
Sim,2017-01-04,6.0,11.0,34.0
Sim,2017-01-04,6.0,12.0,100.0
Sim,2017-01-04,6.0,13.0,112.0
Sim,2017-01-04,6.0,14.0,680.0
Sim,2017-01-04,6.0,15.0,0.0
Sim,2017-01-04,6.0,16.0,0.0
Sim,2017-01-04,6.0,17.0,26.0
Sim,2017-01-04,6.0,18.0,0.0
Sim,2017-01-04,6.0,19.0,12.0
Sim,2017-01-04,6.0,20.0,30.0
s_Q,2017-01-04,6.0,11.0,0.0
s_Q,2017-01-04,6.0,12.0,131.0
s_Q,2017-01-04,6.0,13.0,311.0
s_Q,2017-01-04,6.0,14.0,732.0
s_Q,2017-01-04,6.0,15.0,117.0
s_Q,2017-01-04,6.0,16.0,75.0
s_Q,2017-01-04,6.0,17.0,80.0
s_Q,2017-01-04,6.0,18.0,3573.0
s_Q,2017-01-04,6.0,19.0,135.0
s_Q,2017-01-04,6.0,20.0,75.0
s_Q_perishable,2017-01-04,6.0,1.0,56.0
s_Q_perishable,2017-01-04,6.0,2.0,165.0
s_Q_perishable,2017-01-04,6.0,3.0,80.0
s_Q_perishable,2017-01-04,6.0,4.0,275.0
s_Q_perishable,2017-01-04,6.0,5.0,245.0
s_Q_perishable,2017-01-04,6.0,6.0,1724.0
s_Q_perishable,2017-01-04,6.0,7.0,155.0
s_Q_perishable,2017-01-04,6.0,8.0,3696.0
s_Q_perishable,2017-01-04,6.0,9.0,138.0
s_Q_perishable,2017-01-04,6.0,10.0,127.0
Sim,2017-01-05,1.0,1.0,399.0
Sim,2017-01-05,1.0,2.0,99.0
Sim,2017-01-05,1.0,3.0,10.0
Sim,2017-01-05,1.0,4.0,0.0
Sim,2017-01-05,1.0,5.0,325.0
Sim,2017-01-05,1.0,6.0,0.0
Sim,2017-01-05,1.0,7.0,232.0
Sim,2017-01-05,1.0,8.0,0.0
Sim,2017-01-05,1.0,9.0,0.0
Sim,2017-01-05,1.0,10.0,0.0
Sim,2017-01-05,1.0,11.0,0.0
Sim,2017-01-05,1.0,12.0,0.0
Sim,2017-01-05,1.0,13.0,48.0
Sim,2017-01-05,1.0,14.0,0.0
Sim,2017-01-05,1.0,15.0,0.0
Sim,2017-01-05,1.0,16.0,38.0
Sim,2017-01-05,1.0,17.0,147.0
Sim,2017-01-05,1.0,18.0,0.0
Sim,2017-01-05,1.0,19.0,975.0
Sim,2017-01-05,1.0,20.0,0.0
s_Q,2017-01-05,1.0,11.0,46.0
s_Q,2017-01-05,1.0,12.0,107.0
s_Q,2017-01-05,1.0,13.0,281.0
s_Q,2017-01-05,1.0,14.0,390.0
s_Q,2017-01-05,1.0,15.0,97.0
s_Q,2017-01-05,1.0,16.0,118.0
s_Q,2017-01-05,1.0,17.0,431.0
s_Q,2017-01-05,1.0,18.0,87.0
s_Q,2017-01-05,1.0,19.0,2640.0
s_Q,2017-01-05,1.0,20.0,244.0
s_Q_perishable,2017-01-05,1.0,1.0,1389.0
s_Q_perishable,2017-01-05,1.0,2.0,254.0
s_Q_perishable,2017-01-05,1.0,3.0,68.0
s_Q_perishable,2017-01-05,1.0,4.0,1582.0
s_Q_perishable,2017-01-05,1.0,5.0,547.0
s_Q_perishable,2017-01-05,1.0,6.0,102.0
s_Q_perishable,2017-01-05,1.0,7.0,247.0
s_Q_perishable,2017-01-05,1.0,8.0,2496.0
s_Q_perishable,2017-01-05,1.0,9.0,38.0
s_Q_perishable,2017-01-05,1.0,10.0,204.0
Sim,2017-01-05,2.0,1.0,6.0
Sim,2017-01-05,2.0,2.0,20.0
Sim,2017-01-05,2.0,3.0,48.0
Sim,2017-01-05,2.0,4.0,0.0
Sim,2017-01-05,2.0,5.0,0.0
Sim,2017-01-05,2.0,6.0,26.0
Sim,2017-01-05,2.0,7.0,50.0
Sim,2017-01-05,2.0,8.0,55.0
Sim,2017-01-05,2.0,9.0,0.0
Sim,2017-01-05,2.0,10.0,0.0
Sim,2017-01-05,2.0,11.0,36.0
Sim,2017-01-05,2.0,12.0,392.0
Sim,2017-01-05,2.0,13.0,36.0
Sim,2017-01-05,2.0,14.0,0.0
Sim,2017-01-05,2.0,15.0,0.0
Sim,2017-01-05,2.0,16.0,299.0
Sim,2017-01-05,2.0,17.0,7.0
Sim,2017-01-05,2.0,18.0,0.0
Sim,2017-01-05,2.0,19.0,460.0
Sim,2017-01-05,2.0,20.0,0.0
s_Q,2017-01-05,2.0,11.0,120.0
s_Q,2017-01-05,2.0,12.0,1276.0
s_Q,2017-01-05,2.0,13.0,173.0
s_Q,2017-01-05,2.0,14.0,97.0
s_Q,2017-01-05,2.0,15.0,148.0
s_Q,2017-01-05,2.0,16.0,1139.0
s_Q,2017-01-05,2.0,17.0,31.0
s_Q,2017-01-05,2.0,18.0,1745.0
s_Q,2017-01-05,2.0,19.0,1170.0
s_Q,2017-01-05,2.0,20.0,69.0
s_Q_perishable,2017-01-05,2.0,1.0,20.0
s_Q_perishable,2017-01-05,2.0,2.0,450.0
s_Q_perishable,2017-01-05,2.0,3.0,114.0
s_Q_perishable,2017-01-05,2.0,4.0,35.0
s_Q_perishable,2017-01-05,2.0,5.0,48.0
s_Q_perishable,2017-01-05,2.0,6.0,79.0
s_Q_perishable,2017-01-05,2.0,7.0,0.0
s_Q_perishable,2017-01-05,2.0,8.0,83.0
s_Q_perishable,2017-01-05,2.0,9.0,22.0
s_Q_perishable,2017-01-05,2.0,10.0,149.0
Sim,2017-01-05,3.0,1.0,0.0
Sim,2017-01-05,3.0,2.0,91.0
Sim,2017-01-05,3.0,3.0,616.0
Sim,2017-01-05,3.0,4.0,0.0
Sim,2017-01-05,3.0,5.0,0.0
Sim,2017-01-05,3.0,6.0,2100.0
Sim,2017-01-05,3.0,7.0,0.0
Sim,2017-01-05,3.0,8.0,80.0
Sim,2017-01-05,3.0,9.0,23.0
Sim,2017-01-05,3.0,10.0,0.0
Sim,2017-01-05,3.0,11.0,0.0
Sim,2017-01-05,3.0,12.0,11.0
Sim,2017-01-05,3.0,13.0,380.0
Sim,2017-01-05,3.0,14.0,0.0
Sim,2017-01-05,3.0,15.0,1123.0
Sim,2017-01-05,3.0,16.0,0.0
Sim,2017-01-05,3.0,17.0,120.0
Sim,2017-01-05,3.0,18.0,0.0
Sim,2017-01-05,3.0,19.0,0.0
Sim,2017-01-05,3.0,20.0,0.0
s_Q,2017-01-05,3.0,11.0,166.0
s_Q,2017-01-05,3.0,12.0,60.0
s_Q,2017-01-05,3.0,13.0,585.0
s_Q,2017-01-05,3.0,14.0,210.0
s_Q,2017-01-05,3.0,15.0,754.0
s_Q,2017-01-05,3.0,16.0,926.0
s_Q,2017-01-05,3.0,17.0,147.0
s_Q,2017-01-05,3.0,18.0,78.0
s_Q,2017-01-05,3.0,19.0,56.0
s_Q,2017-01-05,3.0,20.0,274.0
s_Q_perishable,2017-01-05,3.0,1.0,154.0
s_Q_perishable,2017-01-05,3.0,2.0,454.0
s_Q_perishable,2017-01-05,3.0,3.0,1989.0
s_Q_perishable,2017-01-05,3.0,4.0,101.0
s_Q_perishable,2017-01-05,3.0,5.0,191.0
s_Q_perishable,2017-01-05,3.0,6.0,1420.0
s_Q_perishable,2017-01-05,3.0,7.0,33.0
s_Q_perishable,2017-01-05,3.0,8.0,81.0
s_Q_perishable,2017-01-05,3.0,9.0,125.0
s_Q_perishable,2017-01-05,3.0,10.0,59.0
Sim,2017-01-05,4.0,1.0,0.0
Sim,2017-01-05,4.0,2.0,0.0
Sim,2017-01-05,4.0,3.0,144.0
Sim,2017-01-05,4.0,4.0,574.0
Sim,2017-01-05,4.0,5.0,333.0
Sim,2017-01-05,4.0,6.0,0.0
Sim,2017-01-05,4.0,7.0,1001.0
Sim,2017-01-05,4.0,8.0,129.0
Sim,2017-01-05,4.0,9.0,0.0
Sim,2017-01-05,4.0,10.0,120.0
Sim,2017-01-05,4.0,11.0,100.0
Sim,2017-01-05,4.0,12.0,406.0
Sim,2017-01-05,4.0,13.0,0.0
Sim,2017-01-05,4.0,14.0,160.0
Sim,2017-01-05,4.0,15.0,0.0
Sim,2017-01-05,4.0,16.0,14.0
Sim,2017-01-05,4.0,17.0,0.0
Sim,2017-01-05,4.0,18.0,0.0
Sim,2017-01-05,4.0,19.0,23.0
Sim,2017-01-05,4.0,20.0,0.0
s_Q,2017-01-05,4.0,11.0,138.0
s_Q,2017-01-05,4.0,12.0,550.0
s_Q,2017-01-05,4.0,13.0,167.0
s_Q,2017-01-05,4.0,14.0,238.0
s_Q,2017-01-05,4.0,15.0,580.0
s_Q,2017-01-05,4.0,16.0,115.0
s_Q,2017-01-05,4.0,17.0,444.0
s_Q,2017-01-05,4.0,18.0,777.0
s_Q,2017-01-05,4.0,19.0,50.0
s_Q,2017-01-05,4.0,20.0,2104.0
s_Q_perishable,2017-01-05,4.0,1.0,229.0
s_Q_perishable,2017-01-05,4.0,2.0,231.0
s_Q_perishable,2017-01-05,4.0,3.0,223.0
s_Q_perishable,2017-01-05,4.0,4.0,2101.0
s_Q_perishable,2017-01-05,4.0,5.0,346.0
s_Q_perishable,2017-01-05,4.0,6.0,852.0
s_Q_perishable,2017-01-05,4.0,7.0,949.0
s_Q_perishable,2017-01-05,4.0,8.0,75.0
s_Q_perishable,2017-01-05,4.0,9.0,291.0
s_Q_perishable,2017-01-05,4.0,10.0,392.0
Sim,2017-01-05,5.0,1.0,0.0
Sim,2017-01-05,5.0,2.0,0.0
Sim,2017-01-05,5.0,3.0,30.0
Sim,2017-01-05,5.0,4.0,425.0
Sim,2017-01-05,5.0,5.0,0.0
Sim,2017-01-05,5.0,6.0,0.0
Sim,2017-01-05,5.0,7.0,0.0
Sim,2017-01-05,5.0,8.0,208.0
Sim,2017-01-05,5.0,9.0,0.0
Sim,2017-01-05,5.0,10.0,374.0
Sim,2017-01-05,5.0,11.0,0.0
Sim,2017-01-05,5.0,12.0,732.0
Sim,2017-01-05,5.0,13.0,168.0
Sim,2017-01-05,5.0,14.0,0.0
Sim,2017-01-05,5.0,15.0,80.0
Sim,2017-01-05,5.0,16.0,568.0
Sim,2017-01-05,5.0,17.0,0.0
Sim,2017-01-05,5.0,18.0,528.0
Sim,2017-01-05,5.0,19.0,0.0
Sim,2017-01-05,5.0,20.0,15.0
s_Q,2017-01-05,5.0,11.0,107.0
s_Q,2017-01-05,5.0,12.0,1122.0
s_Q,2017-01-05,5.0,13.0,428.0
s_Q,2017-01-05,5.0,14.0,215.0
s_Q,2017-01-05,5.0,15.0,171.0
s_Q,2017-01-05,5.0,16.0,559.0
s_Q,2017-01-05,5.0,17.0,722.0
s_Q,2017-01-05,5.0,18.0,2199.0
s_Q,2017-01-05,5.0,19.0,413.0
s_Q,2017-01-05,5.0,20.0,112.0
s_Q_perishable,2017-01-05,5.0,1.0,358.0
s_Q_perishable,2017-01-05,5.0,2.0,136.0
s_Q_perishable,2017-01-05,5.0,3.0,147.0
s_Q_perishable,2017-01-05,5.0,4.0,440.0
s_Q_perishable,2017-01-05,5.0,5.0,1354.0
s_Q_perishable,2017-01-05,5.0,6.0,401.0
s_Q_perishable,2017-01-05,5.0,7.0,384.0
s_Q_perishable,2017-01-05,5.0,8.0,307.0
s_Q_perishable,2017-01-05,5.0,9.0,28.0
s_Q_perishable,2017-01-05,5.0,10.0,221.0
Sim,2017-01-05,6.0,1.0,0.0
Sim,2017-01-05,6.0,2.0,36.0
Sim,2017-01-05,6.0,3.0,0.0
Sim,2017-01-05,6.0,4.0,64.0
Sim,2017-01-05,6.0,5.0,0.0
Sim,2017-01-05,6.0,6.0,0.0
Sim,2017-01-05,6.0,7.0,0.0
Sim,2017-01-05,6.0,8.0,0.0
Sim,2017-01-05,6.0,9.0,0.0
Sim,2017-01-05,6.0,10.0,0.0
Sim,2017-01-05,6.0,11.0,34.0
Sim,2017-01-05,6.0,12.0,77.0
Sim,2017-01-05,6.0,13.0,112.0
Sim,2017-01-05,6.0,14.0,689.0
Sim,2017-01-05,6.0,15.0,0.0
Sim,2017-01-05,6.0,16.0,18.0
Sim,2017-01-05,6.0,17.0,0.0
Sim,2017-01-05,6.0,18.0,0.0
Sim,2017-01-05,6.0,19.0,44.0
Sim,2017-01-05,6.0,20.0,60.0
s_Q,2017-01-05,6.0,11.0,0.0
s_Q,2017-01-05,6.0,12.0,108.0
s_Q,2017-01-05,6.0,13.0,311.0
s_Q,2017-01-05,6.0,14.0,421.0
s_Q,2017-01-05,6.0,15.0,79.0
s_Q,2017-01-05,6.0,16.0,40.0
s_Q,2017-01-05,6.0,17.0,36.0
s_Q,2017-01-05,6.0,18.0,3573.0
s_Q,2017-01-05,6.0,19.0,135.0
s_Q,2017-01-05,6.0,20.0,37.0
s_Q_perishable,2017-01-05,6.0,1.0,23.0
s_Q_perishable,2017-01-05,6.0,2.0,103.0
s_Q_perishable,2017-01-05,6.0,3.0,80.0
s_Q_perishable,2017-01-05,6.0,4.0,127.0
s_Q_perishable,2017-01-05,6.0,5.0,245.0
s_Q_perishable,2017-01-05,6.0,6.0,1724.0
s_Q_perishable,2017-01-05,6.0,7.0,63.0
s_Q_perishable,2017-01-05,6.0,8.0,3696.0
s_Q_perishable,2017-01-05,6.0,9.0,138.0
s_Q_perishable,2017-01-05,6.0,10.0,70.0
Sim,2017-01-06,1.0,1.0,0.0
Sim,2017-01-06,1.0,2.0,16.0
Sim,2017-01-06,1.0,3.0,0.0
Sim,2017-01-06,1.0,4.0,0.0
Sim,2017-01-06,1.0,5.0,316.0
Sim,2017-01-06,1.0,6.0,0.0
Sim,2017-01-06,1.0,7.0,57.0
Sim,2017-01-06,1.0,8.0,0.0
Sim,2017-01-06,1.0,9.0,0.0
Sim,2017-01-06,1.0,10.0,0.0
Sim,2017-01-06,1.0,11.0,0.0
Sim,2017-01-06,1.0,12.0,0.0
Sim,2017-01-06,1.0,13.0,0.0
Sim,2017-01-06,1.0,14.0,0.0
Sim,2017-01-06,1.0,15.0,0.0
Sim,2017-01-06,1.0,16.0,0.0
Sim,2017-01-06,1.0,17.0,60.0
Sim,2017-01-06,1.0,18.0,0.0
Sim,2017-01-06,1.0,19.0,396.0
Sim,2017-01-06,1.0,20.0,0.0
s_Q,2017-01-06,1.0,11.0,66.0
s_Q,2017-01-06,1.0,12.0,232.0
s_Q,2017-01-06,1.0,13.0,219.0
s_Q,2017-01-06,1.0,14.0,279.0
s_Q,2017-01-06,1.0,15.0,121.0
s_Q,2017-01-06,1.0,16.0,97.0
s_Q,2017-01-06,1.0,17.0,344.0
s_Q,2017-01-06,1.0,18.0,105.0
s_Q,2017-01-06,1.0,19.0,2061.0
s_Q,2017-01-06,1.0,20.0,252.0
s_Q_perishable,2017-01-06,1.0,1.0,812.0
s_Q_perishable,2017-01-06,1.0,2.0,171.0
s_Q_perishable,2017-01-06,1.0,3.0,127.0
s_Q_perishable,2017-01-06,1.0,4.0,1604.0
s_Q_perishable,2017-01-06,1.0,5.0,368.0
s_Q_perishable,2017-01-06,1.0,6.0,40.0
s_Q_perishable,2017-01-06,1.0,7.0,256.0
s_Q_perishable,2017-01-06,1.0,8.0,1572.0
s_Q_perishable,2017-01-06,1.0,9.0,64.0
s_Q_perishable,2017-01-06,1.0,10.0,293.0
Sim,2017-01-06,2.0,1.0,0.0
Sim,2017-01-06,2.0,2.0,0.0
Sim,2017-01-06,2.0,3.0,0.0
Sim,2017-01-06,2.0,4.0,0.0
Sim,2017-01-06,2.0,5.0,0.0
Sim,2017-01-06,2.0,6.0,0.0
Sim,2017-01-06,2.0,7.0,70.0
Sim,2017-01-06,2.0,8.0,0.0
Sim,2017-01-06,2.0,9.0,0.0
Sim,2017-01-06,2.0,10.0,16.0
Sim,2017-01-06,2.0,11.0,0.0
Sim,2017-01-06,2.0,12.0,0.0
Sim,2017-01-06,2.0,13.0,0.0
Sim,2017-01-06,2.0,14.0,38.0
Sim,2017-01-06,2.0,15.0,0.0
Sim,2017-01-06,2.0,16.0,0.0
Sim,2017-01-06,2.0,17.0,0.0
Sim,2017-01-06,2.0,18.0,732.0
Sim,2017-01-06,2.0,19.0,0.0
Sim,2017-01-06,2.0,20.0,0.0
s_Q,2017-01-06,2.0,11.0,115.0
s_Q,2017-01-06,2.0,12.0,1206.0
s_Q,2017-01-06,2.0,13.0,131.0
s_Q,2017-01-06,2.0,14.0,85.0
s_Q,2017-01-06,2.0,15.0,181.0
s_Q,2017-01-06,2.0,16.0,648.0
s_Q,2017-01-06,2.0,17.0,54.0
s_Q,2017-01-06,2.0,18.0,1302.0
s_Q,2017-01-06,2.0,19.0,682.0
s_Q,2017-01-06,2.0,20.0,77.0
s_Q_perishable,2017-01-06,2.0,1.0,37.0
s_Q_perishable,2017-01-06,2.0,2.0,438.0
s_Q_perishable,2017-01-06,2.0,3.0,176.0
s_Q_perishable,2017-01-06,2.0,4.0,69.0
s_Q_perishable,2017-01-06,2.0,5.0,86.0
s_Q_perishable,2017-01-06,2.0,6.0,36.0
s_Q_perishable,2017-01-06,2.0,7.0,0.0
s_Q_perishable,2017-01-06,2.0,8.0,43.0
s_Q_perishable,2017-01-06,2.0,9.0,51.0
s_Q_perishable,2017-01-06,2.0,10.0,119.0
Sim,2017-01-06,3.0,1.0,0.0
Sim,2017-01-06,3.0,2.0,0.0
Sim,2017-01-06,3.0,3.0,0.0
Sim,2017-01-06,3.0,4.0,0.0
Sim,2017-01-06,3.0,5.0,77.0
Sim,2017-01-06,3.0,6.0,680.0
Sim,2017-01-06,3.0,7.0,0.0
Sim,2017-01-06,3.0,8.0,42.0
Sim,2017-01-06,3.0,9.0,0.0
Sim,2017-01-06,3.0,10.0,0.0
Sim,2017-01-06,3.0,11.0,0.0
Sim,2017-01-06,3.0,12.0,0.0
Sim,2017-01-06,3.0,13.0,281.0
Sim,2017-01-06,3.0,14.0,0.0
Sim,2017-01-06,3.0,15.0,869.0
Sim,2017-01-06,3.0,16.0,0.0
Sim,2017-01-06,3.0,17.0,137.0
Sim,2017-01-06,3.0,18.0,0.0
Sim,2017-01-06,3.0,19.0,0.0
Sim,2017-01-06,3.0,20.0,0.0
s_Q,2017-01-06,3.0,11.0,221.0
s_Q,2017-01-06,3.0,12.0,106.0
s_Q,2017-01-06,3.0,13.0,346.0
s_Q,2017-01-06,3.0,14.0,240.0
s_Q,2017-01-06,3.0,15.0,511.0
s_Q,2017-01-06,3.0,16.0,1073.0
s_Q,2017-01-06,3.0,17.0,164.0
s_Q,2017-01-06,3.0,18.0,93.0
s_Q,2017-01-06,3.0,19.0,68.0
s_Q,2017-01-06,3.0,20.0,321.0
s_Q_perishable,2017-01-06,3.0,1.0,129.0
s_Q_perishable,2017-01-06,3.0,2.0,330.0
s_Q_perishable,2017-01-06,3.0,3.0,1219.0
s_Q_perishable,2017-01-06,3.0,4.0,135.0
s_Q_perishable,2017-01-06,3.0,5.0,155.0
s_Q_perishable,2017-01-06,3.0,6.0,1420.0
s_Q_perishable,2017-01-06,3.0,7.0,68.0
s_Q_perishable,2017-01-06,3.0,8.0,46.0
s_Q_perishable,2017-01-06,3.0,9.0,100.0
s_Q_perishable,2017-01-06,3.0,10.0,129.0
Sim,2017-01-06,4.0,1.0,0.0
Sim,2017-01-06,4.0,2.0,0.0
Sim,2017-01-06,4.0,3.0,0.0
Sim,2017-01-06,4.0,4.0,0.0
Sim,2017-01-06,4.0,5.0,76.0
Sim,2017-01-06,4.0,6.0,285.0
Sim,2017-01-06,4.0,7.0,207.0
Sim,2017-01-06,4.0,8.0,144.0
Sim,2017-01-06,4.0,9.0,0.0
Sim,2017-01-06,4.0,10.0,0.0
Sim,2017-01-06,4.0,11.0,0.0
Sim,2017-01-06,4.0,12.0,0.0
Sim,2017-01-06,4.0,13.0,0.0
Sim,2017-01-06,4.0,14.0,0.0
Sim,2017-01-06,4.0,15.0,180.0
Sim,2017-01-06,4.0,16.0,0.0
Sim,2017-01-06,4.0,17.0,0.0
Sim,2017-01-06,4.0,18.0,182.0
Sim,2017-01-06,4.0,19.0,0.0
Sim,2017-01-06,4.0,20.0,999.0
s_Q,2017-01-06,4.0,11.0,113.0
s_Q,2017-01-06,4.0,12.0,537.0
s_Q,2017-01-06,4.0,13.0,222.0
s_Q,2017-01-06,4.0,14.0,215.0
s_Q,2017-01-06,4.0,15.0,424.0
s_Q,2017-01-06,4.0,16.0,83.0
s_Q,2017-01-06,4.0,17.0,659.0
s_Q,2017-01-06,4.0,18.0,477.0
s_Q,2017-01-06,4.0,19.0,76.0
s_Q,2017-01-06,4.0,20.0,1531.0
s_Q_perishable,2017-01-06,4.0,1.0,266.0
s_Q_perishable,2017-01-06,4.0,2.0,157.0
s_Q_perishable,2017-01-06,4.0,3.0,180.0
s_Q_perishable,2017-01-06,4.0,4.0,1499.0
s_Q_perishable,2017-01-06,4.0,5.0,355.0
s_Q_perishable,2017-01-06,4.0,6.0,643.0
s_Q_perishable,2017-01-06,4.0,7.0,949.0
s_Q_perishable,2017-01-06,4.0,8.0,87.0
s_Q_perishable,2017-01-06,4.0,9.0,291.0
s_Q_perishable,2017-01-06,4.0,10.0,280.0
Sim,2017-01-06,5.0,1.0,0.0
Sim,2017-01-06,5.0,2.0,0.0
Sim,2017-01-06,5.0,3.0,0.0
Sim,2017-01-06,5.0,4.0,46.0
Sim,2017-01-06,5.0,5.0,0.0
Sim,2017-01-06,5.0,6.0,0.0
Sim,2017-01-06,5.0,7.0,0.0
Sim,2017-01-06,5.0,8.0,0.0
Sim,2017-01-06,5.0,9.0,0.0
Sim,2017-01-06,5.0,10.0,361.0
Sim,2017-01-06,5.0,11.0,0.0
Sim,2017-01-06,5.0,12.0,0.0
Sim,2017-01-06,5.0,13.0,24.0
Sim,2017-01-06,5.0,14.0,55.0
Sim,2017-01-06,5.0,15.0,35.0
Sim,2017-01-06,5.0,16.0,9.0
Sim,2017-01-06,5.0,17.0,294.0
Sim,2017-01-06,5.0,18.0,0.0
Sim,2017-01-06,5.0,19.0,83.0
Sim,2017-01-06,5.0,20.0,0.0
s_Q,2017-01-06,5.0,11.0,76.0
s_Q,2017-01-06,5.0,12.0,1512.0
s_Q,2017-01-06,5.0,13.0,284.0
s_Q,2017-01-06,5.0,14.0,158.0
s_Q,2017-01-06,5.0,15.0,126.0
s_Q,2017-01-06,5.0,16.0,559.0
s_Q,2017-01-06,5.0,17.0,463.0
s_Q,2017-01-06,5.0,18.0,960.0
s_Q,2017-01-06,5.0,19.0,330.0
s_Q,2017-01-06,5.0,20.0,72.0
s_Q_perishable,2017-01-06,5.0,1.0,398.0
s_Q_perishable,2017-01-06,5.0,2.0,166.0
s_Q_perishable,2017-01-06,5.0,3.0,110.0
s_Q_perishable,2017-01-06,5.0,4.0,445.0
s_Q_perishable,2017-01-06,5.0,5.0,1345.0
s_Q_perishable,2017-01-06,5.0,6.0,554.0
s_Q_perishable,2017-01-06,5.0,7.0,377.0
s_Q_perishable,2017-01-06,5.0,8.0,247.0
s_Q_perishable,2017-01-06,5.0,9.0,51.0
s_Q_perishable,2017-01-06,5.0,10.0,221.0
Sim,2017-01-06,6.0,1.0,0.0
Sim,2017-01-06,6.0,2.0,0.0
Sim,2017-01-06,6.0,3.0,0.0
Sim,2017-01-06,6.0,4.0,0.0
Sim,2017-01-06,6.0,5.0,60.0
Sim,2017-01-06,6.0,6.0,0.0
Sim,2017-01-06,6.0,7.0,0.0
Sim,2017-01-06,6.0,8.0,2805.0
Sim,2017-01-06,6.0,9.0,0.0
Sim,2017-01-06,6.0,10.0,0.0
Sim,2017-01-06,6.0,11.0,85.0
Sim,2017-01-06,6.0,12.0,0.0
Sim,2017-01-06,6.0,13.0,38.0
Sim,2017-01-06,6.0,14.0,671.0
Sim,2017-01-06,6.0,15.0,0.0
Sim,2017-01-06,6.0,16.0,0.0
Sim,2017-01-06,6.0,17.0,0.0
Sim,2017-01-06,6.0,18.0,1090.0
Sim,2017-01-06,6.0,19.0,48.0
Sim,2017-01-06,6.0,20.0,68.0
s_Q,2017-01-06,6.0,11.0,0.0
s_Q,2017-01-06,6.0,12.0,131.0
s_Q,2017-01-06,6.0,13.0,237.0
s_Q,2017-01-06,6.0,14.0,414.0
s_Q,2017-01-06,6.0,15.0,83.0
s_Q,2017-01-06,6.0,16.0,52.0
s_Q,2017-01-06,6.0,17.0,80.0
s_Q,2017-01-06,6.0,18.0,2067.0
s_Q,2017-01-06,6.0,19.0,115.0
s_Q,2017-01-06,6.0,20.0,75.0
s_Q_perishable,2017-01-06,6.0,1.0,56.0
s_Q_perishable,2017-01-06,6.0,2.0,165.0
s_Q_perishable,2017-01-06,6.0,3.0,64.0
s_Q_perishable,2017-01-06,6.0,4.0,172.0
s_Q_perishable,2017-01-06,6.0,5.0,200.0
s_Q_perishable,2017-01-06,6.0,6.0,1389.0
s_Q_perishable,2017-01-06,6.0,7.0,155.0
s_Q_perishable,2017-01-06,6.0,8.0,830.0
s_Q_perishable,2017-01-06,6.0,9.0,107.0
s_Q_perishable,2017-01-06,6.0,10.0,127.0
Sim,2017-01-07,1.0,1.0,0.0
Sim,2017-01-07,1.0,2.0,0.0
Sim,2017-01-07,1.0,3.0,0.0
Sim,2017-01-07,1.0,4.0,0.0
Sim,2017-01-07,1.0,5.0,333.0
Sim,2017-01-07,1.0,6.0,0.0
Sim,2017-01-07,1.0,7.0,169.0
Sim,2017-01-07,1.0,8.0,0.0
Sim,2017-01-07,1.0,9.0,0.0
Sim,2017-01-07,1.0,10.0,0.0
Sim,2017-01-07,1.0,11.0,42.0
Sim,2017-01-07,1.0,12.0,0.0
Sim,2017-01-07,1.0,13.0,0.0
Sim,2017-01-07,1.0,14.0,0.0
Sim,2017-01-07,1.0,15.0,0.0
Sim,2017-01-07,1.0,16.0,0.0
Sim,2017-01-07,1.0,17.0,0.0
Sim,2017-01-07,1.0,18.0,64.0
Sim,2017-01-07,1.0,19.0,0.0
Sim,2017-01-07,1.0,20.0,0.0
s_Q,2017-01-07,1.0,11.0,66.0
s_Q,2017-01-07,1.0,12.0,232.0
s_Q,2017-01-07,1.0,13.0,137.0
s_Q,2017-01-07,1.0,14.0,125.0
s_Q,2017-01-07,1.0,15.0,81.0
s_Q,2017-01-07,1.0,16.0,36.0
s_Q,2017-01-07,1.0,17.0,220.0
s_Q,2017-01-07,1.0,18.0,105.0
s_Q,2017-01-07,1.0,19.0,1534.0
s_Q,2017-01-07,1.0,20.0,185.0
s_Q_perishable,2017-01-07,1.0,1.0,391.0
s_Q_perishable,2017-01-07,1.0,2.0,115.0
s_Q_perishable,2017-01-07,1.0,3.0,127.0
s_Q_perishable,2017-01-07,1.0,4.0,1545.0
s_Q_perishable,2017-01-07,1.0,5.0,215.0
s_Q_perishable,2017-01-07,1.0,6.0,33.0
s_Q_perishable,2017-01-07,1.0,7.0,184.0
s_Q_perishable,2017-01-07,1.0,8.0,0.0
s_Q_perishable,2017-01-07,1.0,9.0,64.0
s_Q_perishable,2017-01-07,1.0,10.0,293.0
Sim,2017-01-07,2.0,1.0,26.0
Sim,2017-01-07,2.0,2.0,0.0
Sim,2017-01-07,2.0,3.0,0.0
Sim,2017-01-07,2.0,4.0,65.0
Sim,2017-01-07,2.0,5.0,0.0
Sim,2017-01-07,2.0,6.0,0.0
Sim,2017-01-07,2.0,7.0,70.0
Sim,2017-01-07,2.0,8.0,0.0
Sim,2017-01-07,2.0,9.0,0.0
Sim,2017-01-07,2.0,10.0,0.0
Sim,2017-01-07,2.0,11.0,54.0
Sim,2017-01-07,2.0,12.0,0.0
Sim,2017-01-07,2.0,13.0,0.0
Sim,2017-01-07,2.0,14.0,0.0
Sim,2017-01-07,2.0,15.0,136.0
Sim,2017-01-07,2.0,16.0,0.0
Sim,2017-01-07,2.0,17.0,25.0
Sim,2017-01-07,2.0,18.0,208.0
Sim,2017-01-07,2.0,19.0,0.0
Sim,2017-01-07,2.0,20.0,0.0
s_Q,2017-01-07,2.0,11.0,58.0
s_Q,2017-01-07,2.0,12.0,593.0
s_Q,2017-01-07,2.0,13.0,72.0
s_Q,2017-01-07,2.0,14.0,32.0
s_Q,2017-01-07,2.0,15.0,181.0
s_Q,2017-01-07,2.0,16.0,321.0
s_Q,2017-01-07,2.0,17.0,43.0
s_Q,2017-01-07,2.0,18.0,778.0
s_Q,2017-01-07,2.0,19.0,345.0
s_Q,2017-01-07,2.0,20.0,32.0
s_Q_perishable,2017-01-07,2.0,1.0,35.0
s_Q_perishable,2017-01-07,2.0,2.0,412.0
s_Q_perishable,2017-01-07,2.0,3.0,176.0
s_Q_perishable,2017-01-07,2.0,4.0,61.0
s_Q_perishable,2017-01-07,2.0,5.0,86.0
s_Q_perishable,2017-01-07,2.0,6.0,26.0
s_Q_perishable,2017-01-07,2.0,7.0,0.0
s_Q_perishable,2017-01-07,2.0,8.0,43.0
s_Q_perishable,2017-01-07,2.0,9.0,40.0
s_Q_perishable,2017-01-07,2.0,10.0,65.0
Sim,2017-01-07,3.0,1.0,0.0
Sim,2017-01-07,3.0,2.0,0.0
Sim,2017-01-07,3.0,3.0,0.0
Sim,2017-01-07,3.0,4.0,0.0
Sim,2017-01-07,3.0,5.0,5.0
Sim,2017-01-07,3.0,6.0,2340.0
Sim,2017-01-07,3.0,7.0,24.0
Sim,2017-01-07,3.0,8.0,84.0
Sim,2017-01-07,3.0,9.0,0.0
Sim,2017-01-07,3.0,10.0,104.0
Sim,2017-01-07,3.0,11.0,0.0
Sim,2017-01-07,3.0,12.0,0.0
Sim,2017-01-07,3.0,13.0,238.0
Sim,2017-01-07,3.0,14.0,0.0
Sim,2017-01-07,3.0,15.0,1265.0
Sim,2017-01-07,3.0,16.0,0.0
Sim,2017-01-07,3.0,17.0,107.0
Sim,2017-01-07,3.0,18.0,0.0
Sim,2017-01-07,3.0,19.0,0.0
Sim,2017-01-07,3.0,20.0,0.0
s_Q,2017-01-07,3.0,11.0,209.0
s_Q,2017-01-07,3.0,12.0,99.0
s_Q,2017-01-07,3.0,13.0,163.0
s_Q,2017-01-07,3.0,14.0,209.0
s_Q,2017-01-07,3.0,15.0,333.0
s_Q,2017-01-07,3.0,16.0,1023.0
s_Q,2017-01-07,3.0,17.0,80.0
s_Q,2017-01-07,3.0,18.0,43.0
s_Q,2017-01-07,3.0,19.0,46.0
s_Q,2017-01-07,3.0,20.0,283.0
s_Q_perishable,2017-01-07,3.0,1.0,88.0
s_Q_perishable,2017-01-07,3.0,2.0,196.0
s_Q_perishable,2017-01-07,3.0,3.0,616.0
s_Q_perishable,2017-01-07,3.0,4.0,111.0
s_Q_perishable,2017-01-07,3.0,5.0,83.0
s_Q_perishable,2017-01-07,3.0,6.0,1420.0
s_Q_perishable,2017-01-07,3.0,7.0,68.0
s_Q_perishable,2017-01-07,3.0,8.0,46.0
s_Q_perishable,2017-01-07,3.0,9.0,71.0
s_Q_perishable,2017-01-07,3.0,10.0,113.0
Sim,2017-01-07,4.0,1.0,0.0
Sim,2017-01-07,4.0,2.0,0.0
Sim,2017-01-07,4.0,3.0,0.0
Sim,2017-01-07,4.0,4.0,0.0
Sim,2017-01-07,4.0,5.0,247.0
Sim,2017-01-07,4.0,6.0,0.0
Sim,2017-01-07,4.0,7.0,52.0
Sim,2017-01-07,4.0,8.0,162.0
Sim,2017-01-07,4.0,9.0,0.0
Sim,2017-01-07,4.0,10.0,0.0
Sim,2017-01-07,4.0,11.0,0.0
Sim,2017-01-07,4.0,12.0,0.0
Sim,2017-01-07,4.0,13.0,0.0
Sim,2017-01-07,4.0,14.0,0.0
Sim,2017-01-07,4.0,15.0,40.0
Sim,2017-01-07,4.0,16.0,0.0
Sim,2017-01-07,4.0,17.0,0.0
Sim,2017-01-07,4.0,18.0,27.0
Sim,2017-01-07,4.0,19.0,0.0
Sim,2017-01-07,4.0,20.0,229.0
s_Q,2017-01-07,4.0,11.0,79.0
s_Q,2017-01-07,4.0,12.0,410.0
s_Q,2017-01-07,4.0,13.0,222.0
s_Q,2017-01-07,4.0,14.0,185.0
s_Q,2017-01-07,4.0,15.0,284.0
s_Q,2017-01-07,4.0,16.0,41.0
s_Q,2017-01-07,4.0,17.0,626.0
s_Q,2017-01-07,4.0,18.0,322.0
s_Q,2017-01-07,4.0,19.0,76.0
s_Q,2017-01-07,4.0,20.0,761.0
s_Q_perishable,2017-01-07,4.0,1.0,169.0
s_Q_perishable,2017-01-07,4.0,2.0,154.0
s_Q_perishable,2017-01-07,4.0,3.0,140.0
s_Q_perishable,2017-01-07,4.0,4.0,755.0
s_Q_perishable,2017-01-07,4.0,5.0,266.0
s_Q_perishable,2017-01-07,4.0,6.0,330.0
s_Q_perishable,2017-01-07,4.0,7.0,794.0
s_Q_perishable,2017-01-07,4.0,8.0,87.0
s_Q_perishable,2017-01-07,4.0,9.0,47.0
s_Q_perishable,2017-01-07,4.0,10.0,186.0
Sim,2017-01-07,5.0,1.0,0.0
Sim,2017-01-07,5.0,2.0,0.0
Sim,2017-01-07,5.0,3.0,0.0
Sim,2017-01-07,5.0,4.0,0.0
Sim,2017-01-07,5.0,5.0,0.0
Sim,2017-01-07,5.0,6.0,0.0
Sim,2017-01-07,5.0,7.0,0.0
Sim,2017-01-07,5.0,8.0,0.0
Sim,2017-01-07,5.0,9.0,54.0
Sim,2017-01-07,5.0,10.0,408.0
Sim,2017-01-07,5.0,11.0,0.0
Sim,2017-01-07,5.0,12.0,0.0
Sim,2017-01-07,5.0,13.0,0.0
Sim,2017-01-07,5.0,14.0,0.0
Sim,2017-01-07,5.0,15.0,0.0
Sim,2017-01-07,5.0,16.0,9.0
Sim,2017-01-07,5.0,17.0,68.0
Sim,2017-01-07,5.0,18.0,0.0
Sim,2017-01-07,5.0,19.0,0.0
Sim,2017-01-07,5.0,20.0,0.0
s_Q,2017-01-07,5.0,11.0,76.0
s_Q,2017-01-07,5.0,12.0,1512.0
s_Q,2017-01-07,5.0,13.0,171.0
s_Q,2017-01-07,5.0,14.0,98.0
s_Q,2017-01-07,5.0,15.0,75.0
s_Q,2017-01-07,5.0,16.0,559.0
s_Q,2017-01-07,5.0,17.0,237.0
s_Q,2017-01-07,5.0,18.0,163.0
s_Q,2017-01-07,5.0,19.0,214.0
s_Q,2017-01-07,5.0,20.0,36.0
s_Q_perishable,2017-01-07,5.0,1.0,377.0
s_Q_perishable,2017-01-07,5.0,2.0,157.0
s_Q_perishable,2017-01-07,5.0,3.0,74.0
s_Q_perishable,2017-01-07,5.0,4.0,384.0
s_Q_perishable,2017-01-07,5.0,5.0,1258.0
s_Q_perishable,2017-01-07,5.0,6.0,554.0
s_Q_perishable,2017-01-07,5.0,7.0,277.0
s_Q_perishable,2017-01-07,5.0,8.0,247.0
s_Q_perishable,2017-01-07,5.0,9.0,51.0
s_Q_perishable,2017-01-07,5.0,10.0,166.0
Sim,2017-01-07,6.0,1.0,0.0
Sim,2017-01-07,6.0,2.0,112.0
Sim,2017-01-07,6.0,3.0,0.0
Sim,2017-01-07,6.0,4.0,0.0
Sim,2017-01-07,6.0,5.0,0.0
Sim,2017-01-07,6.0,6.0,0.0
Sim,2017-01-07,6.0,7.0,0.0
Sim,2017-01-07,6.0,8.0,1975.0
Sim,2017-01-07,6.0,9.0,0.0
Sim,2017-01-07,6.0,10.0,0.0
Sim,2017-01-07,6.0,11.0,85.0
Sim,2017-01-07,6.0,12.0,0.0
Sim,2017-01-07,6.0,13.0,0.0
Sim,2017-01-07,6.0,14.0,868.0
Sim,2017-01-07,6.0,15.0,0.0
Sim,2017-01-07,6.0,16.0,0.0
Sim,2017-01-07,6.0,17.0,0.0
Sim,2017-01-07,6.0,18.0,0.0
Sim,2017-01-07,6.0,19.0,32.0
Sim,2017-01-07,6.0,20.0,98.0
s_Q,2017-01-07,6.0,11.0,0.0
s_Q,2017-01-07,6.0,12.0,131.0
s_Q,2017-01-07,6.0,13.0,174.0
s_Q,2017-01-07,6.0,14.0,311.0
s_Q,2017-01-07,6.0,15.0,38.0
s_Q,2017-01-07,6.0,16.0,35.0
s_Q,2017-01-07,6.0,17.0,79.0
s_Q,2017-01-07,6.0,18.0,896.0
s_Q,2017-01-07,6.0,19.0,79.0
s_Q,2017-01-07,6.0,20.0,75.0
s_Q_perishable,2017-01-07,6.0,1.0,56.0
s_Q_perishable,2017-01-07,6.0,2.0,165.0
s_Q_perishable,2017-01-07,6.0,3.0,45.0
s_Q_perishable,2017-01-07,6.0,4.0,148.0
s_Q_perishable,2017-01-07,6.0,5.0,134.0
s_Q_perishable,2017-01-07,6.0,6.0,763.0
s_Q_perishable,2017-01-07,6.0,7.0,155.0
s_Q_perishable,2017-01-07,6.0,8.0,0.0
s_Q_perishable,2017-01-07,6.0,9.0,65.0
s_Q_perishable,2017-01-07,6.0,10.0,119.0
Sim,2017-01-08,1.0,1.0,0.0
Sim,2017-01-08,1.0,2.0,0.0
Sim,2017-01-08,1.0,3.0,0.0
Sim,2017-01-08,1.0,4.0,0.0
Sim,2017-01-08,1.0,5.0,307.0
Sim,2017-01-08,1.0,6.0,0.0
Sim,2017-01-08,1.0,7.0,0.0
Sim,2017-01-08,1.0,8.0,0.0
Sim,2017-01-08,1.0,9.0,0.0
Sim,2017-01-08,1.0,10.0,0.0
Sim,2017-01-08,1.0,11.0,0.0
Sim,2017-01-08,1.0,12.0,220.0
Sim,2017-01-08,1.0,13.0,0.0
Sim,2017-01-08,1.0,14.0,0.0
Sim,2017-01-08,1.0,15.0,0.0
Sim,2017-01-08,1.0,16.0,60.0
Sim,2017-01-08,1.0,17.0,0.0
Sim,2017-01-08,1.0,18.0,9.0
Sim,2017-01-08,1.0,19.0,0.0
Sim,2017-01-08,1.0,20.0,0.0
s_Q,2017-01-08,1.0,11.0,66.0
s_Q,2017-01-08,1.0,12.0,232.0
s_Q,2017-01-08,1.0,13.0,116.0
s_Q,2017-01-08,1.0,14.0,152.0
s_Q,2017-01-08,1.0,15.0,121.0
s_Q,2017-01-08,1.0,16.0,0.0
s_Q,2017-01-08,1.0,17.0,190.0
s_Q,2017-01-08,1.0,18.0,105.0
s_Q,2017-01-08,1.0,19.0,1402.0
s_Q,2017-01-08,1.0,20.0,252.0
s_Q_perishable,2017-01-08,1.0,1.0,577.0
s_Q_perishable,2017-01-08,1.0,2.0,83.0
s_Q_perishable,2017-01-08,1.0,3.0,127.0
s_Q_perishable,2017-01-08,1.0,4.0,1604.0
s_Q_perishable,2017-01-08,1.0,5.0,193.0
s_Q_perishable,2017-01-08,1.0,6.0,0.0
s_Q_perishable,2017-01-08,1.0,7.0,0.0
s_Q_perishable,2017-01-08,1.0,8.0,0.0
s_Q_perishable,2017-01-08,1.0,9.0,64.0
s_Q_perishable,2017-01-08,1.0,10.0,293.0
Sim,2017-01-08,2.0,1.0,0.0
Sim,2017-01-08,2.0,2.0,378.0
Sim,2017-01-08,2.0,3.0,0.0
Sim,2017-01-08,2.0,4.0,29.0
Sim,2017-01-08,2.0,5.0,0.0
Sim,2017-01-08,2.0,6.0,0.0
Sim,2017-01-08,2.0,7.0,90.0
Sim,2017-01-08,2.0,8.0,0.0
Sim,2017-01-08,2.0,9.0,0.0
Sim,2017-01-08,2.0,10.0,0.0
Sim,2017-01-08,2.0,11.0,14.0
Sim,2017-01-08,2.0,12.0,0.0
Sim,2017-01-08,2.0,13.0,0.0
Sim,2017-01-08,2.0,14.0,0.0
Sim,2017-01-08,2.0,15.0,0.0
Sim,2017-01-08,2.0,16.0,0.0
Sim,2017-01-08,2.0,17.0,0.0
Sim,2017-01-08,2.0,18.0,0.0
Sim,2017-01-08,2.0,19.0,0.0
Sim,2017-01-08,2.0,20.0,0.0
s_Q,2017-01-08,2.0,11.0,18.0
s_Q,2017-01-08,2.0,12.0,0.0
s_Q,2017-01-08,2.0,13.0,59.0
s_Q,2017-01-08,2.0,14.0,15.0
s_Q,2017-01-08,2.0,15.0,181.0
s_Q,2017-01-08,2.0,16.0,515.0
s_Q,2017-01-08,2.0,17.0,54.0
s_Q,2017-01-08,2.0,18.0,852.0
s_Q,2017-01-08,2.0,19.0,488.0
s_Q,2017-01-08,2.0,20.0,10.0
s_Q_perishable,2017-01-08,2.0,1.0,37.0
s_Q_perishable,2017-01-08,2.0,2.0,29.0
s_Q_perishable,2017-01-08,2.0,3.0,176.0
s_Q_perishable,2017-01-08,2.0,4.0,69.0
s_Q_perishable,2017-01-08,2.0,5.0,86.0
s_Q_perishable,2017-01-08,2.0,6.0,0.0
s_Q_perishable,2017-01-08,2.0,7.0,0.0
s_Q_perishable,2017-01-08,2.0,8.0,0.0
s_Q_perishable,2017-01-08,2.0,9.0,51.0
s_Q_perishable,2017-01-08,2.0,10.0,34.0
Sim,2017-01-08,3.0,1.0,0.0
Sim,2017-01-08,3.0,2.0,0.0
Sim,2017-01-08,3.0,3.0,0.0
Sim,2017-01-08,3.0,4.0,115.0
Sim,2017-01-08,3.0,5.0,0.0
Sim,2017-01-08,3.0,6.0,920.0
Sim,2017-01-08,3.0,7.0,0.0
Sim,2017-01-08,3.0,8.0,84.0
Sim,2017-01-08,3.0,9.0,0.0
Sim,2017-01-08,3.0,10.0,26.0
Sim,2017-01-08,3.0,11.0,162.0
Sim,2017-01-08,3.0,12.0,76.0
Sim,2017-01-08,3.0,13.0,302.0
Sim,2017-01-08,3.0,14.0,0.0
Sim,2017-01-08,3.0,15.0,1380.0
Sim,2017-01-08,3.0,16.0,0.0
Sim,2017-01-08,3.0,17.0,129.0
Sim,2017-01-08,3.0,18.0,34.0
Sim,2017-01-08,3.0,19.0,0.0
Sim,2017-01-08,3.0,20.0,300.0
s_Q,2017-01-08,3.0,11.0,221.0
s_Q,2017-01-08,3.0,12.0,106.0
s_Q,2017-01-08,3.0,13.0,246.0
s_Q,2017-01-08,3.0,14.0,240.0
s_Q,2017-01-08,3.0,15.0,0.0
s_Q,2017-01-08,3.0,16.0,229.0
s_Q,2017-01-08,3.0,17.0,18.0
s_Q,2017-01-08,3.0,18.0,17.0
s_Q,2017-01-08,3.0,19.0,3.0
s_Q,2017-01-08,3.0,20.0,116.0
s_Q_perishable,2017-01-08,3.0,1.0,25.0
s_Q_perishable,2017-01-08,3.0,2.0,124.0
s_Q_perishable,2017-01-08,3.0,3.0,834.0
s_Q_perishable,2017-01-08,3.0,4.0,135.0
s_Q_perishable,2017-01-08,3.0,5.0,93.0
s_Q_perishable,2017-01-08,3.0,6.0,1420.0
s_Q_perishable,2017-01-08,3.0,7.0,68.0
s_Q_perishable,2017-01-08,3.0,8.0,4.0
s_Q_perishable,2017-01-08,3.0,9.0,55.0
s_Q_perishable,2017-01-08,3.0,10.0,129.0
Sim,2017-01-08,4.0,1.0,0.0
Sim,2017-01-08,4.0,2.0,147.0
Sim,2017-01-08,4.0,3.0,0.0
Sim,2017-01-08,4.0,4.0,0.0
Sim,2017-01-08,4.0,5.0,0.0
Sim,2017-01-08,4.0,6.0,0.0
Sim,2017-01-08,4.0,7.0,0.0
Sim,2017-01-08,4.0,8.0,195.0
Sim,2017-01-08,4.0,9.0,187.0
Sim,2017-01-08,4.0,10.0,204.0
Sim,2017-01-08,4.0,11.0,0.0
Sim,2017-01-08,4.0,12.0,0.0
Sim,2017-01-08,4.0,13.0,0.0
Sim,2017-01-08,4.0,14.0,0.0
Sim,2017-01-08,4.0,15.0,0.0
Sim,2017-01-08,4.0,16.0,0.0
Sim,2017-01-08,4.0,17.0,608.0
Sim,2017-01-08,4.0,18.0,0.0
Sim,2017-01-08,4.0,19.0,0.0
Sim,2017-01-08,4.0,20.0,0.0
s_Q,2017-01-08,4.0,11.0,0.0
s_Q,2017-01-08,4.0,12.0,0.0
s_Q,2017-01-08,4.0,13.0,222.0
s_Q,2017-01-08,4.0,14.0,0.0
s_Q,2017-01-08,4.0,15.0,260.0
s_Q,2017-01-08,4.0,16.0,34.0
s_Q,2017-01-08,4.0,17.0,252.0
s_Q,2017-01-08,4.0,18.0,463.0
s_Q,2017-01-08,4.0,19.0,76.0
s_Q,2017-01-08,4.0,20.0,573.0
s_Q_perishable,2017-01-08,4.0,1.0,0.0
s_Q_perishable,2017-01-08,4.0,2.0,5.0
s_Q_perishable,2017-01-08,4.0,3.0,20.0
s_Q_perishable,2017-01-08,4.0,4.0,720.0
s_Q_perishable,2017-01-08,4.0,5.0,355.0
s_Q_perishable,2017-01-08,4.0,6.0,242.0
s_Q_perishable,2017-01-08,4.0,7.0,949.0
s_Q_perishable,2017-01-08,4.0,8.0,48.0
s_Q_perishable,2017-01-08,4.0,9.0,291.0
s_Q_perishable,2017-01-08,4.0,10.0,0.0
Sim,2017-01-08,5.0,1.0,406.0
Sim,2017-01-08,5.0,2.0,60.0
Sim,2017-01-08,5.0,3.0,0.0
Sim,2017-01-08,5.0,4.0,0.0
Sim,2017-01-08,5.0,5.0,1252.0
Sim,2017-01-08,5.0,6.0,0.0
Sim,2017-01-08,5.0,7.0,288.0
Sim,2017-01-08,5.0,8.0,0.0
Sim,2017-01-08,5.0,9.0,23.0
Sim,2017-01-08,5.0,10.0,429.0
Sim,2017-01-08,5.0,11.0,98.0
Sim,2017-01-08,5.0,12.0,1683.0
Sim,2017-01-08,5.0,13.0,0.0
Sim,2017-01-08,5.0,14.0,0.0
Sim,2017-01-08,5.0,15.0,0.0
Sim,2017-01-08,5.0,16.0,0.0
Sim,2017-01-08,5.0,17.0,0.0
Sim,2017-01-08,5.0,18.0,0.0
Sim,2017-01-08,5.0,19.0,0.0
Sim,2017-01-08,5.0,20.0,68.0
s_Q,2017-01-08,5.0,11.0,0.0
s_Q,2017-01-08,5.0,12.0,1512.0
s_Q,2017-01-08,5.0,13.0,219.0
s_Q,2017-01-08,5.0,14.0,101.0
s_Q,2017-01-08,5.0,15.0,102.0
s_Q,2017-01-08,5.0,16.0,559.0
s_Q,2017-01-08,5.0,17.0,259.0
s_Q,2017-01-08,5.0,18.0,1239.0
s_Q,2017-01-08,5.0,19.0,215.0
s_Q,2017-01-08,5.0,20.0,0.0
s_Q_perishable,2017-01-08,5.0,1.0,50.0
s_Q_perishable,2017-01-08,5.0,2.0,166.0
s_Q_perishable,2017-01-08,5.0,3.0,76.0
s_Q_perishable,2017-01-08,5.0,4.0,6.0
s_Q_perishable,2017-01-08,5.0,5.0,36.0
s_Q_perishable,2017-01-08,5.0,6.0,554.0
s_Q_perishable,2017-01-08,5.0,7.0,0.0
s_Q_perishable,2017-01-08,5.0,8.0,33.0
s_Q_perishable,2017-01-08,5.0,9.0,51.0
s_Q_perishable,2017-01-08,5.0,10.0,221.0
Sim,2017-01-08,6.0,1.0,0.0
Sim,2017-01-08,6.0,2.0,0.0
Sim,2017-01-08,6.0,3.0,0.0
Sim,2017-01-08,6.0,4.0,0.0
Sim,2017-01-08,6.0,5.0,0.0
Sim,2017-01-08,6.0,6.0,0.0
Sim,2017-01-08,6.0,7.0,153.0
Sim,2017-01-08,6.0,8.0,1975.0
Sim,2017-01-08,6.0,9.0,0.0
Sim,2017-01-08,6.0,10.0,65.0
Sim,2017-01-08,6.0,11.0,136.0
Sim,2017-01-08,6.0,12.0,0.0
Sim,2017-01-08,6.0,13.0,0.0
Sim,2017-01-08,6.0,14.0,877.0
Sim,2017-01-08,6.0,15.0,47.0
Sim,2017-01-08,6.0,16.0,0.0
Sim,2017-01-08,6.0,17.0,0.0
Sim,2017-01-08,6.0,18.0,0.0
Sim,2017-01-08,6.0,19.0,20.0
Sim,2017-01-08,6.0,20.0,89.0
s_Q,2017-01-08,6.0,11.0,0.0
s_Q,2017-01-08,6.0,12.0,131.0
s_Q,2017-01-08,6.0,13.0,204.0
s_Q,2017-01-08,6.0,14.0,0.0
s_Q,2017-01-08,6.0,15.0,0.0
s_Q,2017-01-08,6.0,16.0,13.0
s_Q,2017-01-08,6.0,17.0,80.0
s_Q,2017-01-08,6.0,18.0,1506.0
s_Q,2017-01-08,6.0,19.0,46.0
s_Q,2017-01-08,6.0,20.0,75.0
s_Q_perishable,2017-01-08,6.0,1.0,56.0
s_Q_perishable,2017-01-08,6.0,2.0,165.0
s_Q_perishable,2017-01-08,6.0,3.0,43.0
s_Q_perishable,2017-01-08,6.0,4.0,48.0
s_Q_perishable,2017-01-08,6.0,5.0,75.0
s_Q_perishable,2017-01-08,6.0,6.0,498.0
s_Q_perishable,2017-01-08,6.0,7.0,155.0
s_Q_perishable,2017-01-08,6.0,8.0,0.0
s_Q_perishable,2017-01-08,6.0,9.0,57.0
s_Q_perishable,2017-01-08,6.0,10.0,127.0
Sim,2017-01-09,1.0,1.0,418.0
Sim,2017-01-09,1.0,2.0,0.0
Sim,2017-01-09,1.0,3.0,0.0
Sim,2017-01-09,1.0,4.0,1568.0
Sim,2017-01-09,1.0,5.0,443.0
Sim,2017-01-09,1.0,6.0,35.0
Sim,2017-01-09,1.0,7.0,182.0
Sim,2017-01-09,1.0,8.0,0.0
Sim,2017-01-09,1.0,9.0,0.0
Sim,2017-01-09,1.0,10.0,304.0
Sim,2017-01-09,1.0,11.0,0.0
Sim,2017-01-09,1.0,12.0,213.0
Sim,2017-01-09,1.0,13.0,0.0
Sim,2017-01-09,1.0,14.0,0.0
Sim,2017-01-09,1.0,15.0,0.0
Sim,2017-01-09,1.0,16.0,60.0
Sim,2017-01-09,1.0,17.0,0.0
Sim,2017-01-09,1.0,18.0,0.0
Sim,2017-01-09,1.0,19.0,0.0
Sim,2017-01-09,1.0,20.0,0.0
s_Q,2017-01-09,1.0,11.0,52.0
s_Q,2017-01-09,1.0,12.0,225.0
s_Q,2017-01-09,1.0,13.0,62.0
s_Q,2017-01-09,1.0,14.0,111.0
s_Q,2017-01-09,1.0,15.0,121.0
s_Q,2017-01-09,1.0,16.0,144.0
s_Q,2017-01-09,1.0,17.0,87.0
s_Q,2017-01-09,1.0,18.0,55.0
s_Q,2017-01-09,1.0,19.0,788.0
s_Q,2017-01-09,1.0,20.0,252.0
s_Q_perishable,2017-01-09,1.0,1.0,577.0
s_Q_perishable,2017-01-09,1.0,2.0,83.0
s_Q_perishable,2017-01-09,1.0,3.0,77.0
s_Q_perishable,2017-01-09,1.0,4.0,1570.0
s_Q_perishable,2017-01-09,1.0,5.0,179.0
s_Q_perishable,2017-01-09,1.0,6.0,135.0
s_Q_perishable,2017-01-09,1.0,7.0,431.0
s_Q_perishable,2017-01-09,1.0,8.0,2496.0
s_Q_perishable,2017-01-09,1.0,9.0,34.0
s_Q_perishable,2017-01-09,1.0,10.0,229.0
Sim,2017-01-09,2.0,1.0,0.0
Sim,2017-01-09,2.0,2.0,349.0
Sim,2017-01-09,2.0,3.0,0.0
Sim,2017-01-09,2.0,4.0,4.0
Sim,2017-01-09,2.0,5.0,64.0
Sim,2017-01-09,2.0,6.0,78.0
Sim,2017-01-09,2.0,7.0,90.0
Sim,2017-01-09,2.0,8.0,0.0
Sim,2017-01-09,2.0,9.0,0.0
Sim,2017-01-09,2.0,10.0,0.0
Sim,2017-01-09,2.0,11.0,36.0
Sim,2017-01-09,2.0,12.0,0.0
Sim,2017-01-09,2.0,13.0,0.0
Sim,2017-01-09,2.0,14.0,38.0
Sim,2017-01-09,2.0,15.0,0.0
Sim,2017-01-09,2.0,16.0,325.0
Sim,2017-01-09,2.0,17.0,0.0
Sim,2017-01-09,2.0,18.0,516.0
Sim,2017-01-09,2.0,19.0,0.0
Sim,2017-01-09,2.0,20.0,18.0
s_Q,2017-01-09,2.0,11.0,160.0
s_Q,2017-01-09,2.0,12.0,1869.0
s_Q,2017-01-09,2.0,13.0,42.0
s_Q,2017-01-09,2.0,14.0,65.0
s_Q,2017-01-09,2.0,15.0,181.0
s_Q,2017-01-09,2.0,16.0,491.0
s_Q,2017-01-09,2.0,17.0,36.0
s_Q,2017-01-09,2.0,18.0,443.0
s_Q,2017-01-09,2.0,19.0,488.0
s_Q,2017-01-09,2.0,20.0,91.0
s_Q_perishable,2017-01-09,2.0,1.0,29.0
s_Q_perishable,2017-01-09,2.0,2.0,833.0
s_Q_perishable,2017-01-09,2.0,3.0,120.0
s_Q_perishable,2017-01-09,2.0,4.0,44.0
s_Q_perishable,2017-01-09,2.0,5.0,70.0
s_Q_perishable,2017-01-09,2.0,6.0,105.0
s_Q_perishable,2017-01-09,2.0,7.0,51.0
s_Q_perishable,2017-01-09,2.0,8.0,126.0
s_Q_perishable,2017-01-09,2.0,9.0,50.0
s_Q_perishable,2017-01-09,2.0,10.0,30.0
Sim,2017-01-09,3.0,1.0,39.0
Sim,2017-01-09,3.0,2.0,130.0
Sim,2017-01-09,3.0,3.0,594.0
Sim,2017-01-09,3.0,4.0,115.0
Sim,2017-01-09,3.0,5.0,0.0
Sim,2017-01-09,3.0,6.0,920.0
Sim,2017-01-09,3.0,7.0,0.0
Sim,2017-01-09,3.0,8.0,122.0
Sim,2017-01-09,3.0,9.0,29.0
Sim,2017-01-09,3.0,10.0,0.0
Sim,2017-01-09,3.0,11.0,115.0
Sim,2017-01-09,3.0,12.0,64.0
Sim,2017-01-09,3.0,13.0,475.0
Sim,2017-01-09,3.0,14.0,0.0
Sim,2017-01-09,3.0,15.0,1884.0
Sim,2017-01-09,3.0,16.0,0.0
Sim,2017-01-09,3.0,17.0,171.0
Sim,2017-01-09,3.0,18.0,17.0
Sim,2017-01-09,3.0,19.0,0.0
Sim,2017-01-09,3.0,20.0,184.0
s_Q,2017-01-09,3.0,11.0,174.0
s_Q,2017-01-09,3.0,12.0,94.0
s_Q,2017-01-09,3.0,13.0,239.0
s_Q,2017-01-09,3.0,14.0,218.0
s_Q,2017-01-09,3.0,15.0,1087.0
s_Q,2017-01-09,3.0,16.0,1720.0
s_Q,2017-01-09,3.0,17.0,201.0
s_Q,2017-01-09,3.0,18.0,100.0
s_Q,2017-01-09,3.0,19.0,84.0
s_Q,2017-01-09,3.0,20.0,441.0
s_Q_perishable,2017-01-09,3.0,1.0,25.0
s_Q_perishable,2017-01-09,3.0,2.0,124.0
s_Q_perishable,2017-01-09,3.0,3.0,770.0
s_Q_perishable,2017-01-09,3.0,4.0,135.0
s_Q_perishable,2017-01-09,3.0,5.0,39.0
s_Q_perishable,2017-01-09,3.0,6.0,1420.0
s_Q_perishable,2017-01-09,3.0,7.0,27.0
s_Q_perishable,2017-01-09,3.0,8.0,123.0
s_Q_perishable,2017-01-09,3.0,9.0,25.0
s_Q_perishable,2017-01-09,3.0,10.0,94.0
Sim,2017-01-09,4.0,1.0,168.0
Sim,2017-01-09,4.0,2.0,142.0
Sim,2017-01-09,4.0,3.0,0.0
Sim,2017-01-09,4.0,4.0,0.0
Sim,2017-01-09,4.0,5.0,0.0
Sim,2017-01-09,4.0,6.0,0.0
Sim,2017-01-09,4.0,7.0,0.0
Sim,2017-01-09,4.0,8.0,183.0
Sim,2017-01-09,4.0,9.0,187.0
Sim,2017-01-09,4.0,10.0,204.0
Sim,2017-01-09,4.0,11.0,0.0
Sim,2017-01-09,4.0,12.0,0.0
Sim,2017-01-09,4.0,13.0,220.0
Sim,2017-01-09,4.0,14.0,0.0
Sim,2017-01-09,4.0,15.0,0.0
Sim,2017-01-09,4.0,16.0,0.0
Sim,2017-01-09,4.0,17.0,356.0
Sim,2017-01-09,4.0,18.0,0.0
Sim,2017-01-09,4.0,19.0,0.0
Sim,2017-01-09,4.0,20.0,0.0
s_Q,2017-01-09,4.0,11.0,217.0
s_Q,2017-01-09,4.0,12.0,960.0
s_Q,2017-01-09,4.0,13.0,159.0
s_Q,2017-01-09,4.0,14.0,423.0
s_Q,2017-01-09,4.0,15.0,156.0
s_Q,2017-01-09,4.0,16.0,32.0
s_Q,2017-01-09,4.0,17.0,818.0
s_Q,2017-01-09,4.0,18.0,300.0
s_Q,2017-01-09,4.0,19.0,51.0
s_Q,2017-01-09,4.0,20.0,573.0
s_Q_perishable,2017-01-09,4.0,1.0,398.0
s_Q_perishable,2017-01-09,4.0,2.0,380.0
s_Q_perishable,2017-01-09,4.0,3.0,343.0
s_Q_perishable,2017-01-09,4.0,4.0,602.0
s_Q_perishable,2017-01-09,4.0,5.0,355.0
s_Q_perishable,2017-01-09,4.0,6.0,209.0
s_Q_perishable,2017-01-09,4.0,7.0,949.0
s_Q_perishable,2017-01-09,4.0,8.0,114.0
s_Q_perishable,2017-01-09,4.0,9.0,291.0
s_Q_perishable,2017-01-09,4.0,10.0,578.0
Sim,2017-01-09,5.0,1.0,356.0
Sim,2017-01-09,5.0,2.0,0.0
Sim,2017-01-09,5.0,3.0,0.0
Sim,2017-01-09,5.0,4.0,374.0
Sim,2017-01-09,5.0,5.0,1216.0
Sim,2017-01-09,5.0,6.0,469.0
Sim,2017-01-09,5.0,7.0,288.0
Sim,2017-01-09,5.0,8.0,208.0
Sim,2017-01-09,5.0,9.0,3.0
Sim,2017-01-09,5.0,10.0,633.0
Sim,2017-01-09,5.0,11.0,98.0
Sim,2017-01-09,5.0,12.0,1683.0
Sim,2017-01-09,5.0,13.0,0.0
Sim,2017-01-09,5.0,14.0,0.0
Sim,2017-01-09,5.0,15.0,48.0
Sim,2017-01-09,5.0,16.0,0.0
Sim,2017-01-09,5.0,17.0,224.0
Sim,2017-01-09,5.0,18.0,784.0
Sim,2017-01-09,5.0,19.0,0.0
Sim,2017-01-09,5.0,20.0,68.0
s_Q,2017-01-09,5.0,11.0,183.0
s_Q,2017-01-09,5.0,12.0,1512.0
s_Q,2017-01-09,5.0,13.0,144.0
s_Q,2017-01-09,5.0,14.0,57.0
s_Q,2017-01-09,5.0,15.0,45.0
s_Q,2017-01-09,5.0,16.0,559.0
s_Q,2017-01-09,5.0,17.0,259.0
s_Q,2017-01-09,5.0,18.0,1239.0
s_Q,2017-01-09,5.0,19.0,83.0
s_Q,2017-01-09,5.0,20.0,148.0
s_Q_perishable,2017-01-09,5.0,1.0,685.0
s_Q_perishable,2017-01-09,5.0,2.0,81.0
s_Q_perishable,2017-01-09,5.0,3.0,40.0
s_Q_perishable,2017-01-09,5.0,4.0,818.0
s_Q_perishable,2017-01-09,5.0,5.0,2576.0
s_Q_perishable,2017-01-09,5.0,6.0,554.0
s_Q_perishable,2017-01-09,5.0,7.0,661.0
s_Q_perishable,2017-01-09,5.0,8.0,521.0
s_Q_perishable,2017-01-09,5.0,9.0,31.0
s_Q_perishable,2017-01-09,5.0,10.0,221.0
Sim,2017-01-09,6.0,1.0,0.0
Sim,2017-01-09,6.0,2.0,0.0
Sim,2017-01-09,6.0,3.0,18.0
Sim,2017-01-09,6.0,4.0,0.0
Sim,2017-01-09,6.0,5.0,0.0
Sim,2017-01-09,6.0,6.0,0.0
Sim,2017-01-09,6.0,7.0,152.0
Sim,2017-01-09,6.0,8.0,4870.0
Sim,2017-01-09,6.0,9.0,0.0
Sim,2017-01-09,6.0,10.0,15.0
Sim,2017-01-09,6.0,11.0,136.0
Sim,2017-01-09,6.0,12.0,0.0
Sim,2017-01-09,6.0,13.0,56.0
Sim,2017-01-09,6.0,14.0,1177.0
Sim,2017-01-09,6.0,15.0,47.0
Sim,2017-01-09,6.0,16.0,18.0
Sim,2017-01-09,6.0,17.0,0.0
Sim,2017-01-09,6.0,18.0,1170.0
Sim,2017-01-09,6.0,19.0,36.0
Sim,2017-01-09,6.0,20.0,143.0
s_Q,2017-01-09,6.0,11.0,0.0
s_Q,2017-01-09,6.0,12.0,84.0
s_Q,2017-01-09,6.0,13.0,151.0
s_Q,2017-01-09,6.0,14.0,732.0
s_Q,2017-01-09,6.0,15.0,117.0
s_Q,2017-01-09,6.0,16.0,62.0
s_Q,2017-01-09,6.0,17.0,31.0
s_Q,2017-01-09,6.0,18.0,1506.0
s_Q,2017-01-09,6.0,19.0,62.0
s_Q,2017-01-09,6.0,20.0,69.0
s_Q_perishable,2017-01-09,6.0,1.0,33.0
s_Q_perishable,2017-01-09,6.0,2.0,133.0
s_Q_perishable,2017-01-09,6.0,3.0,17.0
s_Q_perishable,2017-01-09,6.0,4.0,227.0
s_Q_perishable,2017-01-09,6.0,5.0,45.0
s_Q_perishable,2017-01-09,6.0,6.0,335.0
s_Q_perishable,2017-01-09,6.0,7.0,154.0
s_Q_perishable,2017-01-09,6.0,8.0,3696.0
s_Q_perishable,2017-01-09,6.0,9.0,31.0
s_Q_perishable,2017-01-09,6.0,10.0,77.0
Sim,2017-01-10,1.0,1.0,0.0
Sim,2017-01-10,1.0,2.0,0.0
Sim,2017-01-10,1.0,3.0,0.0
Sim,2017-01-10,1.0,4.0,7.0
Sim,2017-01-10,1.0,5.0,510.0
Sim,2017-01-10,1.0,6.0,35.0
Sim,2017-01-10,1.0,7.0,182.0
Sim,2017-01-10,1.0,8.0,1246.0
Sim,2017-01-10,1.0,9.0,0.0
Sim,2017-01-10,1.0,10.0,75.0
Sim,2017-01-10,1.0,11.0,0.0
Sim,2017-01-10,1.0,12.0,68.0
Sim,2017-01-10,1.0,13.0,0.0
Sim,2017-01-10,1.0,14.0,80.0
Sim,2017-01-10,1.0,15.0,0.0
Sim,2017-01-10,1.0,16.0,60.0
Sim,2017-01-10,1.0,17.0,0.0
Sim,2017-01-10,1.0,18.0,0.0
Sim,2017-01-10,1.0,19.0,0.0
Sim,2017-01-10,1.0,20.0,0.0
s_Q,2017-01-10,1.0,11.0,67.0
s_Q,2017-01-10,1.0,12.0,233.0
s_Q,2017-01-10,1.0,13.0,0.0
s_Q,2017-01-10,1.0,14.0,0.0
s_Q,2017-01-10,1.0,15.0,121.0
s_Q,2017-01-10,1.0,16.0,144.0
s_Q,2017-01-10,1.0,17.0,0.0
s_Q,2017-01-10,1.0,18.0,105.0
s_Q,2017-01-10,1.0,19.0,271.0
s_Q,2017-01-10,1.0,20.0,252.0
s_Q_perishable,2017-01-10,1.0,1.0,3.0
s_Q_perishable,2017-01-10,1.0,2.0,0.0
s_Q_perishable,2017-01-10,1.0,3.0,129.0
s_Q_perishable,2017-01-10,1.0,4.0,1619.0
s_Q_perishable,2017-01-10,1.0,5.0,46.0
s_Q_perishable,2017-01-10,1.0,6.0,135.0
s_Q_perishable,2017-01-10,1.0,7.0,431.0
s_Q_perishable,2017-01-10,1.0,8.0,2496.0
s_Q_perishable,2017-01-10,1.0,9.0,68.0
s_Q_perishable,2017-01-10,1.0,10.0,308.0
Sim,2017-01-10,2.0,1.0,0.0
Sim,2017-01-10,2.0,2.0,349.0
Sim,2017-01-10,2.0,3.0,143.0
Sim,2017-01-10,2.0,4.0,0.0
Sim,2017-01-10,2.0,5.0,0.0
Sim,2017-01-10,2.0,6.0,78.0
Sim,2017-01-10,2.0,7.0,120.0
Sim,2017-01-10,2.0,8.0,0.0
Sim,2017-01-10,2.0,9.0,20.0
Sim,2017-01-10,2.0,10.0,0.0
Sim,2017-01-10,2.0,11.0,36.0
Sim,2017-01-10,2.0,12.0,0.0
Sim,2017-01-10,2.0,13.0,0.0
Sim,2017-01-10,2.0,14.0,38.0
Sim,2017-01-10,2.0,15.0,0.0
Sim,2017-01-10,2.0,16.0,69.0
Sim,2017-01-10,2.0,17.0,20.0
Sim,2017-01-10,2.0,18.0,141.0
Sim,2017-01-10,2.0,19.0,0.0
Sim,2017-01-10,2.0,20.0,18.0
s_Q,2017-01-10,2.0,11.0,160.0
s_Q,2017-01-10,2.0,12.0,1869.0
s_Q,2017-01-10,2.0,13.0,0.0
s_Q,2017-01-10,2.0,14.0,65.0
s_Q,2017-01-10,2.0,15.0,184.0
s_Q,2017-01-10,2.0,16.0,235.0
s_Q,2017-01-10,2.0,17.0,52.0
s_Q,2017-01-10,2.0,18.0,68.0
s_Q,2017-01-10,2.0,19.0,258.0
s_Q,2017-01-10,2.0,20.0,91.0
s_Q_perishable,2017-01-10,2.0,1.0,35.0
s_Q_perishable,2017-01-10,2.0,2.0,833.0
s_Q_perishable,2017-01-10,2.0,3.0,196.0
s_Q_perishable,2017-01-10,2.0,4.0,72.0
s_Q_perishable,2017-01-10,2.0,5.0,86.0
s_Q_perishable,2017-01-10,2.0,6.0,105.0
s_Q_perishable,2017-01-10,2.0,7.0,51.0
s_Q_perishable,2017-01-10,2.0,8.0,126.0
s_Q_perishable,2017-01-10,2.0,9.0,48.0
s_Q_perishable,2017-01-10,2.0,10.0,0.0
Sim,2017-01-10,3.0,1.0,14.0
Sim,2017-01-10,3.0,2.0,48.0
Sim,2017-01-10,3.0,3.0,5.0
Sim,2017-01-10,3.0,4.0,39.0
Sim,2017-01-10,3.0,5.0,21.0
Sim,2017-01-10,3.0,6.0,1220.0
Sim,2017-01-10,3.0,7.0,68.0
Sim,2017-01-10,3.0,8.0,164.0
Sim,2017-01-10,3.0,9.0,4.0
Sim,2017-01-10,3.0,10.0,0.0
Sim,2017-01-10,3.0,11.0,0.0
Sim,2017-01-10,3.0,12.0,0.0
Sim,2017-01-10,3.0,13.0,450.0
Sim,2017-01-10,3.0,14.0,0.0
Sim,2017-01-10,3.0,15.0,2332.0
Sim,2017-01-10,3.0,16.0,0.0
Sim,2017-01-10,3.0,17.0,267.0
Sim,2017-01-10,3.0,18.0,17.0
Sim,2017-01-10,3.0,19.0,36.0
Sim,2017-01-10,3.0,20.0,184.0
s_Q,2017-01-10,3.0,11.0,226.0
s_Q,2017-01-10,3.0,12.0,106.0
s_Q,2017-01-10,3.0,13.0,74.0
s_Q,2017-01-10,3.0,14.0,243.0
s_Q,2017-01-10,3.0,15.0,1087.0
s_Q,2017-01-10,3.0,16.0,1720.0
s_Q,2017-01-10,3.0,17.0,201.0
s_Q,2017-01-10,3.0,18.0,100.0
s_Q,2017-01-10,3.0,19.0,84.0
s_Q,2017-01-10,3.0,20.0,441.0
s_Q_perishable,2017-01-10,3.0,1.0,0.0
s_Q_perishable,2017-01-10,3.0,2.0,42.0
s_Q_perishable,2017-01-10,3.0,3.0,181.0
s_Q_perishable,2017-01-10,3.0,4.0,129.0
s_Q_perishable,2017-01-10,3.0,5.0,0.0
s_Q_perishable,2017-01-10,3.0,6.0,1383.0
s_Q_perishable,2017-01-10,3.0,7.0,69.0
s_Q_perishable,2017-01-10,3.0,8.0,123.0
s_Q_perishable,2017-01-10,3.0,9.0,0.0
s_Q_perishable,2017-01-10,3.0,10.0,133.0
Sim,2017-01-10,4.0,1.0,168.0
Sim,2017-01-10,4.0,2.0,142.0
Sim,2017-01-10,4.0,3.0,0.0
Sim,2017-01-10,4.0,4.0,0.0
Sim,2017-01-10,4.0,5.0,285.0
Sim,2017-01-10,4.0,6.0,285.0
Sim,2017-01-10,4.0,7.0,561.0
Sim,2017-01-10,4.0,8.0,255.0
Sim,2017-01-10,4.0,9.0,20.0
Sim,2017-01-10,4.0,10.0,204.0
Sim,2017-01-10,4.0,11.0,0.0
Sim,2017-01-10,4.0,12.0,0.0
Sim,2017-01-10,4.0,13.0,61.0
Sim,2017-01-10,4.0,14.0,0.0
Sim,2017-01-10,4.0,15.0,0.0
Sim,2017-01-10,4.0,16.0,0.0
Sim,2017-01-10,4.0,17.0,356.0
Sim,2017-01-10,4.0,18.0,0.0
Sim,2017-01-10,4.0,19.0,63.0
Sim,2017-01-10,4.0,20.0,0.0
s_Q,2017-01-10,4.0,11.0,217.0
s_Q,2017-01-10,4.0,12.0,960.0
s_Q,2017-01-10,4.0,13.0,242.0
s_Q,2017-01-10,4.0,14.0,423.0
s_Q,2017-01-10,4.0,15.0,0.0
s_Q,2017-01-10,4.0,16.0,1.0
s_Q,2017-01-10,4.0,17.0,818.0
s_Q,2017-01-10,4.0,18.0,0.0
s_Q,2017-01-10,4.0,19.0,74.0
s_Q,2017-01-10,4.0,20.0,0.0
s_Q_perishable,2017-01-10,4.0,1.0,398.0
s_Q_perishable,2017-01-10,4.0,2.0,380.0
s_Q_perishable,2017-01-10,4.0,3.0,343.0
s_Q_perishable,2017-01-10,4.0,4.0,0.0
s_Q_perishable,2017-01-10,4.0,5.0,355.0
s_Q_perishable,2017-01-10,4.0,6.0,5.0
s_Q_perishable,2017-01-10,4.0,7.0,382.0
s_Q_perishable,2017-01-10,4.0,8.0,114.0
s_Q_perishable,2017-01-10,4.0,9.0,237.0
s_Q_perishable,2017-01-10,4.0,10.0,578.0
Sim,2017-01-10,5.0,1.0,356.0
Sim,2017-01-10,5.0,2.0,0.0
Sim,2017-01-10,5.0,3.0,0.0
Sim,2017-01-10,5.0,4.0,374.0
Sim,2017-01-10,5.0,5.0,1216.0
Sim,2017-01-10,5.0,6.0,130.0
Sim,2017-01-10,5.0,7.0,288.0
Sim,2017-01-10,5.0,8.0,208.0
Sim,2017-01-10,5.0,9.0,0.0
Sim,2017-01-10,5.0,10.0,667.0
Sim,2017-01-10,5.0,11.0,98.0
Sim,2017-01-10,5.0,12.0,171.0
Sim,2017-01-10,5.0,13.0,0.0
Sim,2017-01-10,5.0,14.0,0.0
Sim,2017-01-10,5.0,15.0,4.0
Sim,2017-01-10,5.0,16.0,376.0
Sim,2017-01-10,5.0,17.0,0.0
Sim,2017-01-10,5.0,18.0,0.0
Sim,2017-01-10,5.0,19.0,82.0
Sim,2017-01-10,5.0,20.0,68.0
s_Q,2017-01-10,5.0,11.0,183.0
s_Q,2017-01-10,5.0,12.0,1531.0
s_Q,2017-01-10,5.0,13.0,36.0
s_Q,2017-01-10,5.0,14.0,0.0
s_Q,2017-01-10,5.0,15.0,1.0
s_Q,2017-01-10,5.0,16.0,623.0
s_Q,2017-01-10,5.0,17.0,30.0
s_Q,2017-01-10,5.0,18.0,403.0
s_Q,2017-01-10,5.0,19.0,0.0
s_Q,2017-01-10,5.0,20.0,148.0
s_Q_perishable,2017-01-10,5.0,1.0,685.0
s_Q_perishable,2017-01-10,5.0,2.0,171.0
s_Q_perishable,2017-01-10,5.0,3.0,10.0
s_Q_perishable,2017-01-10,5.0,4.0,818.0
s_Q_perishable,2017-01-10,5.0,5.0,2576.0
s_Q_perishable,2017-01-10,5.0,6.0,532.0
s_Q_perishable,2017-01-10,5.0,7.0,661.0
s_Q_perishable,2017-01-10,5.0,8.0,521.0
s_Q_perishable,2017-01-10,5.0,9.0,55.0
s_Q_perishable,2017-01-10,5.0,10.0,221.0
Sim,2017-01-10,6.0,1.0,0.0
Sim,2017-01-10,6.0,2.0,154.0
Sim,2017-01-10,6.0,3.0,8.0
Sim,2017-01-10,6.0,4.0,0.0
Sim,2017-01-10,6.0,5.0,90.0
Sim,2017-01-10,6.0,6.0,589.0
Sim,2017-01-10,6.0,7.0,54.0
Sim,2017-01-10,6.0,8.0,4870.0
Sim,2017-01-10,6.0,9.0,36.0
Sim,2017-01-10,6.0,10.0,0.0
Sim,2017-01-10,6.0,11.0,187.0
Sim,2017-01-10,6.0,12.0,60.0
Sim,2017-01-10,6.0,13.0,0.0
Sim,2017-01-10,6.0,14.0,1517.0
Sim,2017-01-10,6.0,15.0,47.0
Sim,2017-01-10,6.0,16.0,18.0
Sim,2017-01-10,6.0,17.0,52.0
Sim,2017-01-10,6.0,18.0,0.0
Sim,2017-01-10,6.0,19.0,62.0
Sim,2017-01-10,6.0,20.0,132.0
s_Q,2017-01-10,6.0,11.0,0.0
s_Q,2017-01-10,6.0,12.0,132.0
s_Q,2017-01-10,6.0,13.0,34.0
s_Q,2017-01-10,6.0,14.0,732.0
s_Q,2017-01-10,6.0,15.0,117.0
s_Q,2017-01-10,6.0,16.0,62.0
s_Q,2017-01-10,6.0,17.0,80.0
s_Q,2017-01-10,6.0,18.0,99.0
s_Q,2017-01-10,6.0,19.0,56.0
s_Q,2017-01-10,6.0,20.0,75.0
s_Q_perishable,2017-01-10,6.0,1.0,56.0
s_Q_perishable,2017-01-10,6.0,2.0,165.0
s_Q_perishable,2017-01-10,6.0,3.0,7.0
s_Q_perishable,2017-01-10,6.0,4.0,227.0
s_Q_perishable,2017-01-10,6.0,5.0,0.0
s_Q_perishable,2017-01-10,6.0,6.0,1.0
s_Q_perishable,2017-01-10,6.0,7.0,155.0
s_Q_perishable,2017-01-10,6.0,8.0,3696.0
s_Q_perishable,2017-01-10,6.0,9.0,2.0
s_Q_perishable,2017-01-10,6.0,10.0,131.0
Sim,2017-01-11,1.0,1.0,0.0
Sim,2017-01-11,1.0,2.0,0.0
Sim,2017-01-11,1.0,3.0,0.0
Sim,2017-01-11,1.0,4.0,0.0
Sim,2017-01-11,1.0,5.0,649.0
Sim,2017-01-11,1.0,6.0,9.0
Sim,2017-01-11,1.0,7.0,182.0
Sim,2017-01-11,1.0,8.0,165.0
Sim,2017-01-11,1.0,9.0,0.0
Sim,2017-01-11,1.0,10.0,75.0
Sim,2017-01-11,1.0,11.0,0.0
Sim,2017-01-11,1.0,12.0,0.0
Sim,2017-01-11,1.0,13.0,84.0
Sim,2017-01-11,1.0,14.0,80.0
Sim,2017-01-11,1.0,15.0,0.0
Sim,2017-01-11,1.0,16.0,1.0
Sim,2017-01-11,1.0,17.0,0.0
Sim,2017-01-11,1.0,18.0,0.0
Sim,2017-01-11,1.0,19.0,0.0
Sim,2017-01-11,1.0,20.0,0.0
s_Q,2017-01-11,1.0,11.0,56.0
s_Q,2017-01-11,1.0,12.0,153.0
s_Q,2017-01-11,1.0,13.0,0.0
s_Q,2017-01-11,1.0,14.0,0.0
s_Q,2017-01-11,1.0,15.0,53.0
s_Q,2017-01-11,1.0,16.0,85.0
s_Q,2017-01-11,1.0,17.0,0.0
s_Q,2017-01-11,1.0,18.0,105.0
s_Q,2017-01-11,1.0,19.0,0.0
s_Q,2017-01-11,1.0,20.0,178.0
s_Q_perishable,2017-01-11,1.0,1.0,0.0
s_Q_perishable,2017-01-11,1.0,2.0,0.0
s_Q_perishable,2017-01-11,1.0,3.0,129.0
s_Q_perishable,2017-01-11,1.0,4.0,1610.0
s_Q_perishable,2017-01-11,1.0,5.0,0.0
s_Q_perishable,2017-01-11,1.0,6.0,109.0
s_Q_perishable,2017-01-11,1.0,7.0,232.0
s_Q_perishable,2017-01-11,1.0,8.0,1415.0
s_Q_perishable,2017-01-11,1.0,9.0,68.0
s_Q_perishable,2017-01-11,1.0,10.0,308.0
Sim,2017-01-11,2.0,1.0,0.0
Sim,2017-01-11,2.0,2.0,0.0
Sim,2017-01-11,2.0,3.0,143.0
Sim,2017-01-11,2.0,4.0,0.0
Sim,2017-01-11,2.0,5.0,0.0
Sim,2017-01-11,2.0,6.0,61.0
Sim,2017-01-11,2.0,7.0,85.0
Sim,2017-01-11,2.0,8.0,40.0
Sim,2017-01-11,2.0,9.0,0.0
Sim,2017-01-11,2.0,10.0,0.0
Sim,2017-01-11,2.0,11.0,54.0
Sim,2017-01-11,2.0,12.0,0.0
Sim,2017-01-11,2.0,13.0,36.0
Sim,2017-01-11,2.0,14.0,14.0
Sim,2017-01-11,2.0,15.0,0.0
Sim,2017-01-11,2.0,16.0,0.0
Sim,2017-01-11,2.0,17.0,6.0
Sim,2017-01-11,2.0,18.0,73.0
Sim,2017-01-11,2.0,19.0,260.0
Sim,2017-01-11,2.0,20.0,0.0
s_Q,2017-01-11,2.0,11.0,84.0
s_Q,2017-01-11,2.0,12.0,649.0
s_Q,2017-01-11,2.0,13.0,0.0
s_Q,2017-01-11,2.0,14.0,41.0
s_Q,2017-01-11,2.0,15.0,184.0
s_Q,2017-01-11,2.0,16.0,0.0
s_Q,2017-01-11,2.0,17.0,38.0
s_Q,2017-01-11,2.0,18.0,0.0
s_Q,2017-01-11,2.0,19.0,0.0
s_Q,2017-01-11,2.0,20.0,54.0
s_Q_perishable,2017-01-11,2.0,1.0,35.0
s_Q_perishable,2017-01-11,2.0,2.0,429.0
s_Q_perishable,2017-01-11,2.0,3.0,196.0
s_Q_perishable,2017-01-11,2.0,4.0,72.0
s_Q_perishable,2017-01-11,2.0,5.0,85.0
s_Q_perishable,2017-01-11,2.0,6.0,88.0
s_Q_perishable,2017-01-11,2.0,7.0,51.0
s_Q_perishable,2017-01-11,2.0,8.0,73.0
s_Q_perishable,2017-01-11,2.0,9.0,21.0
s_Q_perishable,2017-01-11,2.0,10.0,0.0
Sim,2017-01-11,3.0,1.0,14.0
Sim,2017-01-11,3.0,2.0,6.0
Sim,2017-01-11,3.0,3.0,0.0
Sim,2017-01-11,3.0,4.0,0.0
Sim,2017-01-11,3.0,5.0,21.0
Sim,2017-01-11,3.0,6.0,1028.0
Sim,2017-01-11,3.0,7.0,68.0
Sim,2017-01-11,3.0,8.0,159.0
Sim,2017-01-11,3.0,9.0,4.0
Sim,2017-01-11,3.0,10.0,0.0
Sim,2017-01-11,3.0,11.0,0.0
Sim,2017-01-11,3.0,12.0,0.0
Sim,2017-01-11,3.0,13.0,556.0
Sim,2017-01-11,3.0,14.0,0.0
Sim,2017-01-11,3.0,15.0,2089.0
Sim,2017-01-11,3.0,16.0,0.0
Sim,2017-01-11,3.0,17.0,256.0
Sim,2017-01-11,3.0,18.0,0.0
Sim,2017-01-11,3.0,19.0,0.0
Sim,2017-01-11,3.0,20.0,0.0
s_Q,2017-01-11,3.0,11.0,226.0
s_Q,2017-01-11,3.0,12.0,92.0
s_Q,2017-01-11,3.0,13.0,0.0
s_Q,2017-01-11,3.0,14.0,236.0
s_Q,2017-01-11,3.0,15.0,522.0
s_Q,2017-01-11,3.0,16.0,1004.0
s_Q,2017-01-11,3.0,17.0,124.0
s_Q,2017-01-11,3.0,18.0,80.0
s_Q,2017-01-11,3.0,19.0,48.0
s_Q,2017-01-11,3.0,20.0,225.0
s_Q_perishable,2017-01-11,3.0,1.0,0.0
s_Q_perishable,2017-01-11,3.0,2.0,0.0
s_Q_perishable,2017-01-11,3.0,3.0,0.0
s_Q_perishable,2017-01-11,3.0,4.0,70.0
s_Q_perishable,2017-01-11,3.0,5.0,0.0
s_Q_perishable,2017-01-11,3.0,6.0,1191.0
s_Q_perishable,2017-01-11,3.0,7.0,69.0
s_Q_perishable,2017-01-11,3.0,8.0,76.0
s_Q_perishable,2017-01-11,3.0,9.0,0.0
s_Q_perishable,2017-01-11,3.0,10.0,133.0
Sim,2017-01-11,4.0,1.0,30.0
Sim,2017-01-11,4.0,2.0,0.0
Sim,2017-01-11,4.0,3.0,112.0
Sim,2017-01-11,4.0,4.0,595.0
Sim,2017-01-11,4.0,5.0,220.0
Sim,2017-01-11,4.0,6.0,280.0
Sim,2017-01-11,4.0,7.0,179.0
Sim,2017-01-11,4.0,8.0,265.0
Sim,2017-01-11,4.0,9.0,0.0
Sim,2017-01-11,4.0,10.0,0.0
Sim,2017-01-11,4.0,11.0,90.0
Sim,2017-01-11,4.0,12.0,392.0
Sim,2017-01-11,4.0,13.0,61.0
Sim,2017-01-11,4.0,14.0,160.0
Sim,2017-01-11,4.0,15.0,0.0
Sim,2017-01-11,4.0,16.0,0.0
Sim,2017-01-11,4.0,17.0,0.0
Sim,2017-01-11,4.0,18.0,0.0
Sim,2017-01-11,4.0,19.0,63.0
Sim,2017-01-11,4.0,20.0,0.0
s_Q,2017-01-11,4.0,11.0,135.0
s_Q,2017-01-11,4.0,12.0,549.0
s_Q,2017-01-11,4.0,13.0,242.0
s_Q,2017-01-11,4.0,14.0,267.0
s_Q,2017-01-11,4.0,15.0,0.0
s_Q,2017-01-11,4.0,16.0,0.0
s_Q,2017-01-11,4.0,17.0,357.0
s_Q,2017-01-11,4.0,18.0,0.0
s_Q,2017-01-11,4.0,19.0,74.0
s_Q,2017-01-11,4.0,20.0,0.0
s_Q_perishable,2017-01-11,4.0,1.0,260.0
s_Q_perishable,2017-01-11,4.0,2.0,224.0
s_Q_perishable,2017-01-11,4.0,3.0,138.0
s_Q_perishable,2017-01-11,4.0,4.0,0.0
s_Q_perishable,2017-01-11,4.0,5.0,290.0
s_Q_perishable,2017-01-11,4.0,6.0,0.0
s_Q_perishable,2017-01-11,4.0,7.0,572.0
s_Q_perishable,2017-01-11,4.0,8.0,70.0
s_Q_perishable,2017-01-11,4.0,9.0,113.0
s_Q_perishable,2017-01-11,4.0,10.0,328.0
Sim,2017-01-11,5.0,1.0,29.0
Sim,2017-01-11,5.0,2.0,0.0
Sim,2017-01-11,5.0,3.0,0.0
Sim,2017-01-11,5.0,4.0,0.0
Sim,2017-01-11,5.0,5.0,0.0
Sim,2017-01-11,5.0,6.0,0.0
Sim,2017-01-11,5.0,7.0,0.0
Sim,2017-01-11,5.0,8.0,28.0
Sim,2017-01-11,5.0,9.0,0.0
Sim,2017-01-11,5.0,10.0,820.0
Sim,2017-01-11,5.0,11.0,18.0
Sim,2017-01-11,5.0,12.0,171.0
Sim,2017-01-11,5.0,13.0,0.0
Sim,2017-01-11,5.0,14.0,0.0
Sim,2017-01-11,5.0,15.0,3.0
Sim,2017-01-11,5.0,16.0,195.0
Sim,2017-01-11,5.0,17.0,0.0
Sim,2017-01-11,5.0,18.0,0.0
Sim,2017-01-11,5.0,19.0,82.0
Sim,2017-01-11,5.0,20.0,32.0
s_Q,2017-01-11,5.0,11.0,103.0
s_Q,2017-01-11,5.0,12.0,1531.0
s_Q,2017-01-11,5.0,13.0,0.0
s_Q,2017-01-11,5.0,14.0,0.0
s_Q,2017-01-11,5.0,15.0,0.0
s_Q,2017-01-11,5.0,16.0,442.0
s_Q,2017-01-11,5.0,17.0,0.0
s_Q,2017-01-11,5.0,18.0,0.0
s_Q,2017-01-11,5.0,19.0,0.0
s_Q,2017-01-11,5.0,20.0,112.0
s_Q_perishable,2017-01-11,5.0,1.0,358.0
s_Q_perishable,2017-01-11,5.0,2.0,171.0
s_Q_perishable,2017-01-11,5.0,3.0,0.0
s_Q_perishable,2017-01-11,5.0,4.0,427.0
s_Q_perishable,2017-01-11,5.0,5.0,1322.0
s_Q_perishable,2017-01-11,5.0,6.0,317.0
s_Q_perishable,2017-01-11,5.0,7.0,356.0
s_Q_perishable,2017-01-11,5.0,8.0,341.0
s_Q_perishable,2017-01-11,5.0,9.0,55.0
s_Q_perishable,2017-01-11,5.0,10.0,221.0
Sim,2017-01-11,6.0,1.0,0.0
Sim,2017-01-11,6.0,2.0,154.0
Sim,2017-01-11,6.0,3.0,1.0
Sim,2017-01-11,6.0,4.0,66.0
Sim,2017-01-11,6.0,5.0,90.0
Sim,2017-01-11,6.0,6.0,588.0
Sim,2017-01-11,6.0,7.0,0.0
Sim,2017-01-11,6.0,8.0,1999.0
Sim,2017-01-11,6.0,9.0,34.0
Sim,2017-01-11,6.0,10.0,0.0
Sim,2017-01-11,6.0,11.0,187.0
Sim,2017-01-11,6.0,12.0,44.0
Sim,2017-01-11,6.0,13.0,0.0
Sim,2017-01-11,6.0,14.0,1515.0
Sim,2017-01-11,6.0,15.0,1.0
Sim,2017-01-11,6.0,16.0,0.0
Sim,2017-01-11,6.0,17.0,52.0
Sim,2017-01-11,6.0,18.0,0.0
Sim,2017-01-11,6.0,19.0,92.0
Sim,2017-01-11,6.0,20.0,134.0
s_Q,2017-01-11,6.0,11.0,199.0
s_Q,2017-01-11,6.0,12.0,116.0
s_Q,2017-01-11,6.0,13.0,0.0
s_Q,2017-01-11,6.0,14.0,390.0
s_Q,2017-01-11,6.0,15.0,71.0
s_Q,2017-01-11,6.0,16.0,43.0
s_Q,2017-01-11,6.0,17.0,80.0
s_Q,2017-01-11,6.0,18.0,0.0
s_Q,2017-01-11,6.0,19.0,46.0
s_Q,2017-01-11,6.0,20.0,47.0
s_Q_perishable,2017-01-11,6.0,1.0,56.0
s_Q_perishable,2017-01-11,6.0,2.0,165.0
s_Q_perishable,2017-01-11,6.0,3.0,0.0
s_Q_perishable,2017-01-11,6.0,4.0,90.0
s_Q_perishable,2017-01-11,6.0,5.0,0.0
s_Q_perishable,2017-01-11,6.0,6.0,0.0
s_Q_perishable,2017-01-11,6.0,7.0,99.0
s_Q_perishable,2017-01-11,6.0,8.0,825.0
s_Q_perishable,2017-01-11,6.0,9.0,0.0
s_Q_perishable,2017-01-11,6.0,10.0,131.0
Sim,2017-01-12,1.0,1.0,0.0
Sim,2017-01-12,1.0,2.0,0.0
Sim,2017-01-12,1.0,3.0,126.0
Sim,2017-01-12,1.0,4.0,0.0
Sim,2017-01-12,1.0,5.0,779.0
Sim,2017-01-12,1.0,6.0,0.0
Sim,2017-01-12,1.0,7.0,0.0
Sim,2017-01-12,1.0,8.0,0.0
Sim,2017-01-12,1.0,9.0,57.0
Sim,2017-01-12,1.0,10.0,0.0
Sim,2017-01-12,1.0,11.0,0.0
Sim,2017-01-12,1.0,12.0,0.0
Sim,2017-01-12,1.0,13.0,84.0
Sim,2017-01-12,1.0,14.0,80.0
Sim,2017-01-12,1.0,15.0,56.0
Sim,2017-01-12,1.0,16.0,0.0
Sim,2017-01-12,1.0,17.0,0.0
Sim,2017-01-12,1.0,18.0,112.0
Sim,2017-01-12,1.0,19.0,0.0
Sim,2017-01-12,1.0,20.0,170.0
s_Q,2017-01-12,1.0,11.0,67.0
s_Q,2017-01-12,1.0,12.0,233.0
s_Q,2017-01-12,1.0,13.0,281.0
s_Q,2017-01-12,1.0,14.0,396.0
s_Q,2017-01-12,1.0,15.0,121.0
s_Q,2017-01-12,1.0,16.0,89.0
s_Q,2017-01-12,1.0,17.0,454.0
s_Q,2017-01-12,1.0,18.0,105.0
s_Q,2017-01-12,1.0,19.0,2369.0
s_Q,2017-01-12,1.0,20.0,252.0
s_Q_perishable,2017-01-12,1.0,1.0,1399.0
s_Q_perishable,2017-01-12,1.0,2.0,257.0
s_Q_perishable,2017-01-12,1.0,3.0,129.0
s_Q_perishable,2017-01-12,1.0,4.0,1619.0
s_Q_perishable,2017-01-12,1.0,5.0,499.0
s_Q_perishable,2017-01-12,1.0,6.0,50.0
s_Q_perishable,2017-01-12,1.0,7.0,247.0
s_Q_perishable,2017-01-12,1.0,8.0,0.0
s_Q_perishable,2017-01-12,1.0,9.0,68.0
s_Q_perishable,2017-01-12,1.0,10.0,308.0
Sim,2017-01-12,2.0,1.0,26.0
Sim,2017-01-12,2.0,2.0,0.0
Sim,2017-01-12,2.0,3.0,0.0
Sim,2017-01-12,2.0,4.0,0.0
Sim,2017-01-12,2.0,5.0,0.0
Sim,2017-01-12,2.0,6.0,4.0
Sim,2017-01-12,2.0,7.0,99.0
Sim,2017-01-12,2.0,8.0,0.0
Sim,2017-01-12,2.0,9.0,0.0
Sim,2017-01-12,2.0,10.0,48.0
Sim,2017-01-12,2.0,11.0,0.0
Sim,2017-01-12,2.0,12.0,0.0
Sim,2017-01-12,2.0,13.0,36.0
Sim,2017-01-12,2.0,14.0,0.0
Sim,2017-01-12,2.0,15.0,170.0
Sim,2017-01-12,2.0,16.0,0.0
Sim,2017-01-12,2.0,17.0,0.0
Sim,2017-01-12,2.0,18.0,445.0
Sim,2017-01-12,2.0,19.0,260.0
Sim,2017-01-12,2.0,20.0,0.0
s_Q,2017-01-12,2.0,11.0,117.0
s_Q,2017-01-12,2.0,12.0,1275.0
s_Q,2017-01-12,2.0,13.0,168.0
s_Q,2017-01-12,2.0,14.0,11.0
s_Q,2017-01-12,2.0,15.0,184.0
s_Q,2017-01-12,2.0,16.0,931.0
s_Q,2017-01-12,2.0,17.0,52.0
s_Q,2017-01-12,2.0,18.0,1677.0
s_Q,2017-01-12,2.0,19.0,906.0
s_Q,2017-01-12,2.0,20.0,60.0
s_Q_perishable,2017-01-12,2.0,1.0,35.0
s_Q_perishable,2017-01-12,2.0,2.0,437.0
s_Q_perishable,2017-01-12,2.0,3.0,196.0
s_Q_perishable,2017-01-12,2.0,4.0,72.0
s_Q_perishable,2017-01-12,2.0,5.0,86.0
s_Q_perishable,2017-01-12,2.0,6.0,31.0
s_Q_perishable,2017-01-12,2.0,7.0,35.0
s_Q_perishable,2017-01-12,2.0,8.0,52.0
s_Q_perishable,2017-01-12,2.0,9.0,48.0
s_Q_perishable,2017-01-12,2.0,10.0,148.0
Sim,2017-01-12,3.0,1.0,14.0
Sim,2017-01-12,3.0,2.0,6.0
Sim,2017-01-12,3.0,3.0,0.0
Sim,2017-01-12,3.0,4.0,0.0
Sim,2017-01-12,3.0,5.0,21.0
Sim,2017-01-12,3.0,6.0,0.0
Sim,2017-01-12,3.0,7.0,31.0
Sim,2017-01-12,3.0,8.0,168.0
Sim,2017-01-12,3.0,9.0,4.0
Sim,2017-01-12,3.0,10.0,104.0
Sim,2017-01-12,3.0,11.0,0.0
Sim,2017-01-12,3.0,12.0,57.0
Sim,2017-01-12,3.0,13.0,716.0
Sim,2017-01-12,3.0,14.0,196.0
Sim,2017-01-12,3.0,15.0,2127.0
Sim,2017-01-12,3.0,16.0,0.0
Sim,2017-01-12,3.0,17.0,252.0
Sim,2017-01-12,3.0,18.0,0.0
Sim,2017-01-12,3.0,19.0,0.0
Sim,2017-01-12,3.0,20.0,0.0
s_Q,2017-01-12,3.0,11.0,226.0
s_Q,2017-01-12,3.0,12.0,106.0
s_Q,2017-01-12,3.0,13.0,527.0
s_Q,2017-01-12,3.0,14.0,243.0
s_Q,2017-01-12,3.0,15.0,574.0
s_Q,2017-01-12,3.0,16.0,1009.0
s_Q,2017-01-12,3.0,17.0,151.0
s_Q,2017-01-12,3.0,18.0,82.0
s_Q,2017-01-12,3.0,19.0,47.0
s_Q,2017-01-12,3.0,20.0,381.0
s_Q_perishable,2017-01-12,3.0,1.0,152.0
s_Q_perishable,2017-01-12,3.0,2.0,408.0
s_Q_perishable,2017-01-12,3.0,3.0,1796.0
s_Q_perishable,2017-01-12,3.0,4.0,129.0
s_Q_perishable,2017-01-12,3.0,5.0,191.0
s_Q_perishable,2017-01-12,3.0,6.0,1383.0
s_Q_perishable,2017-01-12,3.0,7.0,69.0
s_Q_perishable,2017-01-12,3.0,8.0,50.0
s_Q_perishable,2017-01-12,3.0,9.0,126.0
s_Q_perishable,2017-01-12,3.0,10.0,133.0
Sim,2017-01-12,4.0,1.0,0.0
Sim,2017-01-12,4.0,2.0,0.0
Sim,2017-01-12,4.0,3.0,0.0
Sim,2017-01-12,4.0,4.0,595.0
Sim,2017-01-12,4.0,5.0,0.0
Sim,2017-01-12,4.0,6.0,280.0
Sim,2017-01-12,4.0,7.0,179.0
Sim,2017-01-12,4.0,8.0,231.0
Sim,2017-01-12,4.0,9.0,0.0
Sim,2017-01-12,4.0,10.0,0.0
Sim,2017-01-12,4.0,11.0,0.0
Sim,2017-01-12,4.0,12.0,0.0
Sim,2017-01-12,4.0,13.0,0.0
Sim,2017-01-12,4.0,14.0,0.0
Sim,2017-01-12,4.0,15.0,162.0
Sim,2017-01-12,4.0,16.0,0.0
Sim,2017-01-12,4.0,17.0,0.0
Sim,2017-01-12,4.0,18.0,303.0
Sim,2017-01-12,4.0,19.0,33.0
Sim,2017-01-12,4.0,20.0,594.0
s_Q,2017-01-12,4.0,11.0,127.0
s_Q,2017-01-12,4.0,12.0,498.0
s_Q,2017-01-12,4.0,13.0,242.0
s_Q,2017-01-12,4.0,14.0,205.0
s_Q,2017-01-12,4.0,15.0,573.0
s_Q,2017-01-12,4.0,16.0,114.0
s_Q,2017-01-12,4.0,17.0,764.0
s_Q,2017-01-12,4.0,18.0,840.0
s_Q,2017-01-12,4.0,19.0,74.0
s_Q,2017-01-12,4.0,20.0,2034.0
s_Q_perishable,2017-01-12,4.0,1.0,206.0
s_Q_perishable,2017-01-12,4.0,2.0,275.0
s_Q_perishable,2017-01-12,4.0,3.0,249.0
s_Q_perishable,2017-01-12,4.0,4.0,2116.0
s_Q_perishable,2017-01-12,4.0,5.0,355.0
s_Q_perishable,2017-01-12,4.0,6.0,852.0
s_Q_perishable,2017-01-12,4.0,7.0,572.0
s_Q_perishable,2017-01-12,4.0,8.0,79.0
s_Q_perishable,2017-01-12,4.0,9.0,237.0
s_Q_perishable,2017-01-12,4.0,10.0,390.0
Sim,2017-01-12,5.0,1.0,0.0
Sim,2017-01-12,5.0,2.0,0.0
Sim,2017-01-12,5.0,3.0,0.0
Sim,2017-01-12,5.0,4.0,0.0
Sim,2017-01-12,5.0,5.0,0.0
Sim,2017-01-12,5.0,6.0,0.0
Sim,2017-01-12,5.0,7.0,0.0
Sim,2017-01-12,5.0,8.0,0.0
Sim,2017-01-12,5.0,9.0,0.0
Sim,2017-01-12,5.0,10.0,806.0
Sim,2017-01-12,5.0,11.0,0.0
Sim,2017-01-12,5.0,12.0,1738.0
Sim,2017-01-12,5.0,13.0,0.0
Sim,2017-01-12,5.0,14.0,65.0
Sim,2017-01-12,5.0,15.0,3.0
Sim,2017-01-12,5.0,16.0,0.0
Sim,2017-01-12,5.0,17.0,224.0
Sim,2017-01-12,5.0,18.0,0.0
Sim,2017-01-12,5.0,19.0,82.0
Sim,2017-01-12,5.0,20.0,0.0
s_Q,2017-01-12,5.0,11.0,97.0
s_Q,2017-01-12,5.0,12.0,1531.0
s_Q,2017-01-12,5.0,13.0,402.0
s_Q,2017-01-12,5.0,14.0,219.0
s_Q,2017-01-12,5.0,15.0,190.0
s_Q,2017-01-12,5.0,16.0,623.0
s_Q,2017-01-12,5.0,17.0,672.0
s_Q,2017-01-12,5.0,18.0,1741.0
s_Q,2017-01-12,5.0,19.0,415.0
s_Q,2017-01-12,5.0,20.0,91.0
s_Q_perishable,2017-01-12,5.0,1.0,375.0
s_Q_perishable,2017-01-12,5.0,2.0,171.0
s_Q_perishable,2017-01-12,5.0,3.0,143.0
s_Q_perishable,2017-01-12,5.0,4.0,466.0
s_Q_perishable,2017-01-12,5.0,5.0,1402.0
s_Q_perishable,2017-01-12,5.0,6.0,532.0
s_Q_perishable,2017-01-12,5.0,7.0,414.0
s_Q_perishable,2017-01-12,5.0,8.0,198.0
s_Q_perishable,2017-01-12,5.0,9.0,55.0
s_Q_perishable,2017-01-12,5.0,10.0,221.0
Sim,2017-01-12,6.0,1.0,36.0
Sim,2017-01-12,6.0,2.0,23.0
Sim,2017-01-12,6.0,3.0,1.0
Sim,2017-01-12,6.0,4.0,0.0
Sim,2017-01-12,6.0,5.0,90.0
Sim,2017-01-12,6.0,6.0,588.0
Sim,2017-01-12,6.0,7.0,0.0
Sim,2017-01-12,6.0,8.0,4054.0
Sim,2017-01-12,6.0,9.0,34.0
Sim,2017-01-12,6.0,10.0,0.0
Sim,2017-01-12,6.0,11.0,255.0
Sim,2017-01-12,6.0,12.0,0.0
Sim,2017-01-12,6.0,13.0,0.0
Sim,2017-01-12,6.0,14.0,1547.0
Sim,2017-01-12,6.0,15.0,0.0
Sim,2017-01-12,6.0,16.0,0.0
Sim,2017-01-12,6.0,17.0,0.0
Sim,2017-01-12,6.0,18.0,1400.0
Sim,2017-01-12,6.0,19.0,64.0
Sim,2017-01-12,6.0,20.0,120.0
s_Q,2017-01-12,6.0,11.0,199.0
s_Q,2017-01-12,6.0,12.0,132.0
s_Q,2017-01-12,6.0,13.0,302.0
s_Q,2017-01-12,6.0,14.0,418.0
s_Q,2017-01-12,6.0,15.0,85.0
s_Q,2017-01-12,6.0,16.0,57.0
s_Q,2017-01-12,6.0,17.0,80.0
s_Q,2017-01-12,6.0,18.0,3473.0
s_Q,2017-01-12,6.0,19.0,0.0
s_Q,2017-01-12,6.0,20.0,75.0
s_Q_perishable,2017-01-12,6.0,1.0,56.0
s_Q_perishable,2017-01-12,6.0,2.0,165.0
s_Q_perishable,2017-01-12,6.0,3.0,68.0
s_Q_perishable,2017-01-12,6.0,4.0,198.0
s_Q_perishable,2017-01-12,6.0,5.0,245.0
s_Q_perishable,2017-01-12,6.0,6.0,1794.0
s_Q_perishable,2017-01-12,6.0,7.0,155.0
s_Q_perishable,2017-01-12,6.0,8.0,0.0
s_Q_perishable,2017-01-12,6.0,9.0,136.0
s_Q_perishable,2017-01-12,6.0,10.0,131.0
Sim,2017-01-13,1.0,1.0,0.0
Sim,2017-01-13,1.0,2.0,0.0
Sim,2017-01-13,1.0,3.0,126.0
Sim,2017-01-13,1.0,4.0,0.0
Sim,2017-01-13,1.0,5.0,934.0
Sim,2017-01-13,1.0,6.0,0.0
Sim,2017-01-13,1.0,7.0,182.0
Sim,2017-01-13,1.0,8.0,0.0
Sim,2017-01-13,1.0,9.0,50.0
Sim,2017-01-13,1.0,10.0,0.0
Sim,2017-01-13,1.0,11.0,0.0
Sim,2017-01-13,1.0,12.0,0.0
Sim,2017-01-13,1.0,13.0,84.0
Sim,2017-01-13,1.0,14.0,80.0
Sim,2017-01-13,1.0,15.0,56.0
Sim,2017-01-13,1.0,16.0,48.0
Sim,2017-01-13,1.0,17.0,0.0
Sim,2017-01-13,1.0,18.0,112.0
Sim,2017-01-13,1.0,19.0,0.0
Sim,2017-01-13,1.0,20.0,168.0
s_Q,2017-01-13,1.0,11.0,38.0
s_Q,2017-01-13,1.0,12.0,233.0
s_Q,2017-01-13,1.0,13.0,281.0
s_Q,2017-01-13,1.0,14.0,396.0
s_Q,2017-01-13,1.0,15.0,121.0
s_Q,2017-01-13,1.0,16.0,63.0
s_Q,2017-01-13,1.0,17.0,454.0
s_Q,2017-01-13,1.0,18.0,105.0
s_Q,2017-01-13,1.0,19.0,2369.0
s_Q,2017-01-13,1.0,20.0,250.0
s_Q_perishable,2017-01-13,1.0,1.0,1399.0
s_Q_perishable,2017-01-13,1.0,2.0,257.0
s_Q_perishable,2017-01-13,1.0,3.0,129.0
s_Q_perishable,2017-01-13,1.0,4.0,1489.0
s_Q_perishable,2017-01-13,1.0,5.0,499.0
s_Q_perishable,2017-01-13,1.0,6.0,0.0
s_Q_perishable,2017-01-13,1.0,7.0,209.0
s_Q_perishable,2017-01-13,1.0,8.0,0.0
s_Q_perishable,2017-01-13,1.0,9.0,61.0
s_Q_perishable,2017-01-13,1.0,10.0,279.0
Sim,2017-01-13,2.0,1.0,18.0
Sim,2017-01-13,2.0,2.0,486.0
Sim,2017-01-13,2.0,3.0,0.0
Sim,2017-01-13,2.0,4.0,0.0
Sim,2017-01-13,2.0,5.0,0.0
Sim,2017-01-13,2.0,6.0,52.0
Sim,2017-01-13,2.0,7.0,65.0
Sim,2017-01-13,2.0,8.0,0.0
Sim,2017-01-13,2.0,9.0,0.0
Sim,2017-01-13,2.0,10.0,48.0
Sim,2017-01-13,2.0,11.0,54.0
Sim,2017-01-13,2.0,12.0,680.0
Sim,2017-01-13,2.0,13.0,36.0
Sim,2017-01-13,2.0,14.0,0.0
Sim,2017-01-13,2.0,15.0,170.0
Sim,2017-01-13,2.0,16.0,0.0
Sim,2017-01-13,2.0,17.0,30.0
Sim,2017-01-13,2.0,18.0,445.0
Sim,2017-01-13,2.0,19.0,260.0
Sim,2017-01-13,2.0,20.0,0.0
s_Q,2017-01-13,2.0,11.0,92.0
s_Q,2017-01-13,2.0,12.0,1275.0
s_Q,2017-01-13,2.0,13.0,168.0
s_Q,2017-01-13,2.0,14.0,53.0
s_Q,2017-01-13,2.0,15.0,184.0
s_Q,2017-01-13,2.0,16.0,931.0
s_Q,2017-01-13,2.0,17.0,37.0
s_Q,2017-01-13,2.0,18.0,1677.0
s_Q,2017-01-13,2.0,19.0,906.0
s_Q,2017-01-13,2.0,20.0,44.0
s_Q_perishable,2017-01-13,2.0,1.0,27.0
s_Q_perishable,2017-01-13,2.0,2.0,437.0
s_Q_perishable,2017-01-13,2.0,3.0,158.0
s_Q_perishable,2017-01-13,2.0,4.0,72.0
s_Q_perishable,2017-01-13,2.0,5.0,74.0
s_Q_perishable,2017-01-13,2.0,6.0,78.0
s_Q_perishable,2017-01-13,2.0,7.0,51.0
s_Q_perishable,2017-01-13,2.0,8.0,52.0
s_Q_perishable,2017-01-13,2.0,9.0,48.0
s_Q_perishable,2017-01-13,2.0,10.0,148.0
Sim,2017-01-13,3.0,1.0,14.0
Sim,2017-01-13,3.0,2.0,6.0
Sim,2017-01-13,3.0,3.0,0.0
Sim,2017-01-13,3.0,4.0,0.0
Sim,2017-01-13,3.0,5.0,21.0
Sim,2017-01-13,3.0,6.0,1120.0
Sim,2017-01-13,3.0,7.0,52.0
Sim,2017-01-13,3.0,8.0,196.0
Sim,2017-01-13,3.0,9.0,4.0
Sim,2017-01-13,3.0,10.0,80.0
Sim,2017-01-13,3.0,11.0,0.0
Sim,2017-01-13,3.0,12.0,30.0
Sim,2017-01-13,3.0,13.0,836.0
Sim,2017-01-13,3.0,14.0,167.0
Sim,2017-01-13,3.0,15.0,2771.0
Sim,2017-01-13,3.0,16.0,1311.0
Sim,2017-01-13,3.0,17.0,276.0
Sim,2017-01-13,3.0,18.0,34.0
Sim,2017-01-13,3.0,19.0,0.0
Sim,2017-01-13,3.0,20.0,0.0
s_Q,2017-01-13,3.0,11.0,200.0
s_Q,2017-01-13,3.0,12.0,79.0
s_Q,2017-01-13,3.0,13.0,527.0
s_Q,2017-01-13,3.0,14.0,214.0
s_Q,2017-01-13,3.0,15.0,574.0
s_Q,2017-01-13,3.0,16.0,1009.0
s_Q,2017-01-13,3.0,17.0,103.0
s_Q,2017-01-13,3.0,18.0,39.0
s_Q,2017-01-13,3.0,19.0,39.0
s_Q,2017-01-13,3.0,20.0,329.0
s_Q_perishable,2017-01-13,3.0,1.0,152.0
s_Q_perishable,2017-01-13,3.0,2.0,408.0
s_Q_perishable,2017-01-13,3.0,3.0,1796.0
s_Q_perishable,2017-01-13,3.0,4.0,129.0
s_Q_perishable,2017-01-13,3.0,5.0,191.0
s_Q_perishable,2017-01-13,3.0,6.0,1383.0
s_Q_perishable,2017-01-13,3.0,7.0,37.0
s_Q_perishable,2017-01-13,3.0,8.0,50.0
s_Q_perishable,2017-01-13,3.0,9.0,126.0
s_Q_perishable,2017-01-13,3.0,10.0,109.0
Sim,2017-01-13,4.0,1.0,0.0
Sim,2017-01-13,4.0,2.0,0.0
Sim,2017-01-13,4.0,3.0,0.0
Sim,2017-01-13,4.0,4.0,595.0
Sim,2017-01-13,4.0,5.0,228.0
Sim,2017-01-13,4.0,6.0,280.0
Sim,2017-01-13,4.0,7.0,0.0
Sim,2017-01-13,4.0,8.0,285.0
Sim,2017-01-13,4.0,9.0,0.0
Sim,2017-01-13,4.0,10.0,170.0
Sim,2017-01-13,4.0,11.0,0.0
Sim,2017-01-13,4.0,12.0,0.0
Sim,2017-01-13,4.0,13.0,0.0
Sim,2017-01-13,4.0,14.0,0.0
Sim,2017-01-13,4.0,15.0,162.0
Sim,2017-01-13,4.0,16.0,0.0
Sim,2017-01-13,4.0,17.0,0.0
Sim,2017-01-13,4.0,18.0,303.0
Sim,2017-01-13,4.0,19.0,0.0
Sim,2017-01-13,4.0,20.0,594.0
s_Q,2017-01-13,4.0,11.0,82.0
s_Q,2017-01-13,4.0,12.0,411.0
s_Q,2017-01-13,4.0,13.0,139.0
s_Q,2017-01-13,4.0,14.0,155.0
s_Q,2017-01-13,4.0,15.0,573.0
s_Q,2017-01-13,4.0,16.0,114.0
s_Q,2017-01-13,4.0,17.0,764.0
s_Q,2017-01-13,4.0,18.0,840.0
s_Q,2017-01-13,4.0,19.0,37.0
s_Q,2017-01-13,4.0,20.0,2034.0
s_Q_perishable,2017-01-13,4.0,1.0,149.0
s_Q_perishable,2017-01-13,4.0,2.0,163.0
s_Q_perishable,2017-01-13,4.0,3.0,225.0
s_Q_perishable,2017-01-13,4.0,4.0,2116.0
s_Q_perishable,2017-01-13,4.0,5.0,355.0
s_Q_perishable,2017-01-13,4.0,6.0,852.0
s_Q_perishable,2017-01-13,4.0,7.0,572.0
s_Q_perishable,2017-01-13,4.0,8.0,79.0
s_Q_perishable,2017-01-13,4.0,9.0,237.0
s_Q_perishable,2017-01-13,4.0,10.0,248.0
Sim,2017-01-13,5.0,1.0,0.0
Sim,2017-01-13,5.0,2.0,0.0
Sim,2017-01-13,5.0,3.0,0.0
Sim,2017-01-13,5.0,4.0,357.0
Sim,2017-01-13,5.0,5.0,0.0
Sim,2017-01-13,5.0,6.0,0.0
Sim,2017-01-13,5.0,7.0,0.0
Sim,2017-01-13,5.0,8.0,156.0
Sim,2017-01-13,5.0,9.0,0.0
Sim,2017-01-13,5.0,10.0,905.0
Sim,2017-01-13,5.0,11.0,0.0
Sim,2017-01-13,5.0,12.0,1738.0
Sim,2017-01-13,5.0,13.0,0.0
Sim,2017-01-13,5.0,14.0,65.0
Sim,2017-01-13,5.0,15.0,3.0
Sim,2017-01-13,5.0,16.0,0.0
Sim,2017-01-13,5.0,17.0,224.0
Sim,2017-01-13,5.0,18.0,0.0
Sim,2017-01-13,5.0,19.0,82.0
Sim,2017-01-13,5.0,20.0,51.0
s_Q,2017-01-13,5.0,11.0,72.0
s_Q,2017-01-13,5.0,12.0,1531.0
s_Q,2017-01-13,5.0,13.0,402.0
s_Q,2017-01-13,5.0,14.0,219.0
s_Q,2017-01-13,5.0,15.0,190.0
s_Q,2017-01-13,5.0,16.0,520.0
s_Q,2017-01-13,5.0,17.0,672.0
s_Q,2017-01-13,5.0,18.0,1741.0
s_Q,2017-01-13,5.0,19.0,415.0
s_Q,2017-01-13,5.0,20.0,36.0
s_Q_perishable,2017-01-13,5.0,1.0,375.0
s_Q_perishable,2017-01-13,5.0,2.0,80.0
s_Q_perishable,2017-01-13,5.0,3.0,143.0
s_Q_perishable,2017-01-13,5.0,4.0,396.0
s_Q_perishable,2017-01-13,5.0,5.0,1273.0
s_Q_perishable,2017-01-13,5.0,6.0,532.0
s_Q_perishable,2017-01-13,5.0,7.0,306.0
s_Q_perishable,2017-01-13,5.0,8.0,198.0
s_Q_perishable,2017-01-13,5.0,9.0,45.0
s_Q_perishable,2017-01-13,5.0,10.0,201.0
Sim,2017-01-13,6.0,1.0,23.0
Sim,2017-01-13,6.0,2.0,84.0
Sim,2017-01-13,6.0,3.0,1.0
Sim,2017-01-13,6.0,4.0,0.0
Sim,2017-01-13,6.0,5.0,90.0
Sim,2017-01-13,6.0,6.0,588.0
Sim,2017-01-13,6.0,7.0,0.0
Sim,2017-01-13,6.0,8.0,4054.0
Sim,2017-01-13,6.0,9.0,34.0
Sim,2017-01-13,6.0,10.0,0.0
Sim,2017-01-13,6.0,11.0,197.0
Sim,2017-01-13,6.0,12.0,0.0
Sim,2017-01-13,6.0,13.0,0.0
Sim,2017-01-13,6.0,14.0,1765.0
Sim,2017-01-13,6.0,15.0,0.0
Sim,2017-01-13,6.0,16.0,12.0
Sim,2017-01-13,6.0,17.0,0.0
Sim,2017-01-13,6.0,18.0,1400.0
Sim,2017-01-13,6.0,19.0,74.0
Sim,2017-01-13,6.0,20.0,147.0
s_Q,2017-01-13,6.0,11.0,141.0
s_Q,2017-01-13,6.0,12.0,115.0
s_Q,2017-01-13,6.0,13.0,302.0
s_Q,2017-01-13,6.0,14.0,336.0
s_Q,2017-01-13,6.0,15.0,48.0
s_Q,2017-01-13,6.0,16.0,34.0
s_Q,2017-01-13,6.0,17.0,66.0
s_Q,2017-01-13,6.0,18.0,3473.0
s_Q,2017-01-13,6.0,19.0,92.0
s_Q,2017-01-13,6.0,20.0,57.0
s_Q_perishable,2017-01-13,6.0,1.0,43.0
s_Q_perishable,2017-01-13,6.0,2.0,131.0
s_Q_perishable,2017-01-13,6.0,3.0,68.0
s_Q_perishable,2017-01-13,6.0,4.0,198.0
s_Q_perishable,2017-01-13,6.0,5.0,245.0
s_Q_perishable,2017-01-13,6.0,6.0,1794.0
s_Q_perishable,2017-01-13,6.0,7.0,155.0
s_Q_perishable,2017-01-13,6.0,8.0,0.0
s_Q_perishable,2017-01-13,6.0,9.0,136.0
s_Q_perishable,2017-01-13,6.0,10.0,125.0
Sim,2017-01-14,1.0,1.0,399.0
Sim,2017-01-14,1.0,2.0,77.0
Sim,2017-01-14,1.0,3.0,18.0
Sim,2017-01-14,1.0,4.0,0.0
Sim,2017-01-14,1.0,5.0,896.0
Sim,2017-01-14,1.0,6.0,0.0
Sim,2017-01-14,1.0,7.0,15.0
Sim,2017-01-14,1.0,8.0,0.0
Sim,2017-01-14,1.0,9.0,0.0
Sim,2017-01-14,1.0,10.0,0.0
Sim,2017-01-14,1.0,11.0,0.0
Sim,2017-01-14,1.0,12.0,0.0
Sim,2017-01-14,1.0,13.0,0.0
Sim,2017-01-14,1.0,14.0,0.0
Sim,2017-01-14,1.0,15.0,11.0
Sim,2017-01-14,1.0,16.0,1.0
Sim,2017-01-14,1.0,17.0,105.0
Sim,2017-01-14,1.0,18.0,45.0
Sim,2017-01-14,1.0,19.0,1020.0
Sim,2017-01-14,1.0,20.0,0.0
s_Q,2017-01-14,1.0,11.0,67.0
s_Q,2017-01-14,1.0,12.0,233.0
s_Q,2017-01-14,1.0,13.0,189.0
s_Q,2017-01-14,1.0,14.0,311.0
s_Q,2017-01-14,1.0,15.0,121.0
s_Q,2017-01-14,1.0,16.0,16.0
s_Q,2017-01-14,1.0,17.0,321.0
s_Q,2017-01-14,1.0,18.0,105.0
s_Q,2017-01-14,1.0,19.0,1517.0
s_Q,2017-01-14,1.0,20.0,252.0
s_Q_perishable,2017-01-14,1.0,1.0,916.0
s_Q_perishable,2017-01-14,1.0,2.0,182.0
s_Q_perishable,2017-01-14,1.0,3.0,129.0
s_Q_perishable,2017-01-14,1.0,4.0,1619.0
s_Q_perishable,2017-01-14,1.0,5.0,336.0
s_Q_perishable,2017-01-14,1.0,6.0,110.0
s_Q_perishable,2017-01-14,1.0,7.0,42.0
s_Q_perishable,2017-01-14,1.0,8.0,2440.0
s_Q_perishable,2017-01-14,1.0,9.0,68.0
s_Q_perishable,2017-01-14,1.0,10.0,308.0
Sim,2017-01-14,2.0,1.0,0.0
Sim,2017-01-14,2.0,2.0,119.0
Sim,2017-01-14,2.0,3.0,0.0
Sim,2017-01-14,2.0,4.0,0.0
Sim,2017-01-14,2.0,5.0,0.0
Sim,2017-01-14,2.0,6.0,41.0
Sim,2017-01-14,2.0,7.0,104.0
Sim,2017-01-14,2.0,8.0,0.0
Sim,2017-01-14,2.0,9.0,0.0
Sim,2017-01-14,2.0,10.0,14.0
Sim,2017-01-14,2.0,11.0,0.0
Sim,2017-01-14,2.0,12.0,0.0
Sim,2017-01-14,2.0,13.0,0.0
Sim,2017-01-14,2.0,14.0,0.0
Sim,2017-01-14,2.0,15.0,0.0
Sim,2017-01-14,2.0,16.0,299.0
Sim,2017-01-14,2.0,17.0,2.0
Sim,2017-01-14,2.0,18.0,69.0
Sim,2017-01-14,2.0,19.0,0.0
Sim,2017-01-14,2.0,20.0,0.0
s_Q,2017-01-14,2.0,11.0,9.0
s_Q,2017-01-14,2.0,12.0,47.0
s_Q,2017-01-14,2.0,13.0,122.0
s_Q,2017-01-14,2.0,14.0,53.0
s_Q,2017-01-14,2.0,15.0,184.0
s_Q,2017-01-14,2.0,16.0,623.0
s_Q,2017-01-14,2.0,17.0,52.0
s_Q,2017-01-14,2.0,18.0,1301.0
s_Q,2017-01-14,2.0,19.0,535.0
s_Q,2017-01-14,2.0,20.0,19.0
s_Q_perishable,2017-01-14,2.0,1.0,35.0
s_Q_perishable,2017-01-14,2.0,2.0,70.0
s_Q_perishable,2017-01-14,2.0,3.0,196.0
s_Q_perishable,2017-01-14,2.0,4.0,72.0
s_Q_perishable,2017-01-14,2.0,5.0,86.0
s_Q_perishable,2017-01-14,2.0,6.0,67.0
s_Q_perishable,2017-01-14,2.0,7.0,50.0
s_Q_perishable,2017-01-14,2.0,8.0,2.0
s_Q_perishable,2017-01-14,2.0,9.0,48.0
s_Q_perishable,2017-01-14,2.0,10.0,114.0
Sim,2017-01-14,3.0,1.0,0.0
Sim,2017-01-14,3.0,2.0,91.0
Sim,2017-01-14,3.0,3.0,605.0
Sim,2017-01-14,3.0,4.0,0.0
Sim,2017-01-14,3.0,5.0,42.0
Sim,2017-01-14,3.0,6.0,0.0
Sim,2017-01-14,3.0,7.0,15.0
Sim,2017-01-14,3.0,8.0,182.0
Sim,2017-01-14,3.0,9.0,26.0
Sim,2017-01-14,3.0,10.0,18.0
Sim,2017-01-14,3.0,11.0,0.0
Sim,2017-01-14,3.0,12.0,0.0
Sim,2017-01-14,3.0,13.0,777.0
Sim,2017-01-14,3.0,14.0,0.0
Sim,2017-01-14,3.0,15.0,2645.0
Sim,2017-01-14,3.0,16.0,343.0
Sim,2017-01-14,3.0,17.0,333.0
Sim,2017-01-14,3.0,18.0,9.0
Sim,2017-01-14,3.0,19.0,0.0
Sim,2017-01-14,3.0,20.0,0.0
s_Q,2017-01-14,3.0,11.0,226.0
s_Q,2017-01-14,3.0,12.0,106.0
s_Q,2017-01-14,3.0,13.0,348.0
s_Q,2017-01-14,3.0,14.0,243.0
s_Q,2017-01-14,3.0,15.0,0.0
s_Q,2017-01-14,3.0,16.0,41.0
s_Q,2017-01-14,3.0,17.0,28.0
s_Q,2017-01-14,3.0,18.0,14.0
s_Q,2017-01-14,3.0,19.0,19.0
s_Q,2017-01-14,3.0,20.0,163.0
s_Q_perishable,2017-01-14,3.0,1.0,113.0
s_Q_perishable,2017-01-14,3.0,2.0,226.0
s_Q_perishable,2017-01-14,3.0,3.0,1127.0
s_Q_perishable,2017-01-14,3.0,4.0,129.0
s_Q_perishable,2017-01-14,3.0,5.0,133.0
s_Q_perishable,2017-01-14,3.0,6.0,1383.0
s_Q_perishable,2017-01-14,3.0,7.0,69.0
s_Q_perishable,2017-01-14,3.0,8.0,8.0
s_Q_perishable,2017-01-14,3.0,9.0,107.0
s_Q_perishable,2017-01-14,3.0,10.0,133.0
Sim,2017-01-14,4.0,1.0,0.0
Sim,2017-01-14,4.0,2.0,0.0
Sim,2017-01-14,4.0,3.0,0.0
Sim,2017-01-14,4.0,4.0,0.0
Sim,2017-01-14,4.0,5.0,0.0
Sim,2017-01-14,4.0,6.0,358.0
Sim,2017-01-14,4.0,7.0,0.0
Sim,2017-01-14,4.0,8.0,263.0
Sim,2017-01-14,4.0,9.0,0.0
Sim,2017-01-14,4.0,10.0,0.0
Sim,2017-01-14,4.0,11.0,0.0
Sim,2017-01-14,4.0,12.0,0.0
Sim,2017-01-14,4.0,13.0,0.0
Sim,2017-01-14,4.0,14.0,0.0
Sim,2017-01-14,4.0,15.0,0.0
Sim,2017-01-14,4.0,16.0,0.0
Sim,2017-01-14,4.0,17.0,0.0
Sim,2017-01-14,4.0,18.0,148.0
Sim,2017-01-14,4.0,19.0,0.0
Sim,2017-01-14,4.0,20.0,0.0
s_Q,2017-01-14,4.0,11.0,0.0
s_Q,2017-01-14,4.0,12.0,0.0
s_Q,2017-01-14,4.0,13.0,242.0
s_Q,2017-01-14,4.0,14.0,23.0
s_Q,2017-01-14,4.0,15.0,368.0
s_Q,2017-01-14,4.0,16.0,78.0
s_Q,2017-01-14,4.0,17.0,164.0
s_Q,2017-01-14,4.0,18.0,685.0
s_Q,2017-01-14,4.0,19.0,74.0
s_Q,2017-01-14,4.0,20.0,1145.0
s_Q_perishable,2017-01-14,4.0,1.0,36.0
s_Q_perishable,2017-01-14,4.0,2.0,0.0
s_Q_perishable,2017-01-14,4.0,3.0,97.0
s_Q_perishable,2017-01-14,4.0,4.0,1499.0
s_Q_perishable,2017-01-14,4.0,5.0,355.0
s_Q_perishable,2017-01-14,4.0,6.0,630.0
s_Q_perishable,2017-01-14,4.0,7.0,572.0
s_Q_perishable,2017-01-14,4.0,8.0,3.0
s_Q_perishable,2017-01-14,4.0,9.0,237.0
s_Q_perishable,2017-01-14,4.0,10.0,0.0
Sim,2017-01-14,5.0,1.0,0.0
Sim,2017-01-14,5.0,2.0,0.0
Sim,2017-01-14,5.0,3.0,30.0
Sim,2017-01-14,5.0,4.0,0.0
Sim,2017-01-14,5.0,5.0,0.0
Sim,2017-01-14,5.0,6.0,0.0
Sim,2017-01-14,5.0,7.0,0.0
Sim,2017-01-14,5.0,8.0,0.0
Sim,2017-01-14,5.0,9.0,0.0
Sim,2017-01-14,5.0,10.0,892.0
Sim,2017-01-14,5.0,11.0,0.0
Sim,2017-01-14,5.0,12.0,771.0
Sim,2017-01-14,5.0,13.0,138.0
Sim,2017-01-14,5.0,14.0,11.0
Sim,2017-01-14,5.0,15.0,80.0
Sim,2017-01-14,5.0,16.0,0.0
Sim,2017-01-14,5.0,17.0,36.0
Sim,2017-01-14,5.0,18.0,544.0
Sim,2017-01-14,5.0,19.0,105.0
Sim,2017-01-14,5.0,20.0,15.0
s_Q,2017-01-14,5.0,11.0,12.0
s_Q,2017-01-14,5.0,12.0,1531.0
s_Q,2017-01-14,5.0,13.0,210.0
s_Q,2017-01-14,5.0,14.0,165.0
s_Q,2017-01-14,5.0,15.0,131.0
s_Q,2017-01-14,5.0,16.0,623.0
s_Q,2017-01-14,5.0,17.0,484.0
s_Q,2017-01-14,5.0,18.0,857.0
s_Q,2017-01-14,5.0,19.0,264.0
s_Q,2017-01-14,5.0,20.0,0.0
s_Q_perishable,2017-01-14,5.0,1.0,45.0
s_Q_perishable,2017-01-14,5.0,2.0,171.0
s_Q_perishable,2017-01-14,5.0,3.0,107.0
s_Q_perishable,2017-01-14,5.0,4.0,18.0
s_Q_perishable,2017-01-14,5.0,5.0,0.0
s_Q_perishable,2017-01-14,5.0,6.0,532.0
s_Q_perishable,2017-01-14,5.0,7.0,0.0
s_Q_perishable,2017-01-14,5.0,8.0,0.0
s_Q_perishable,2017-01-14,5.0,9.0,55.0
s_Q_perishable,2017-01-14,5.0,10.0,221.0
Sim,2017-01-14,6.0,1.0,2.0
Sim,2017-01-14,6.0,2.0,0.0
Sim,2017-01-14,6.0,3.0,0.0
Sim,2017-01-14,6.0,4.0,0.0
Sim,2017-01-14,6.0,5.0,100.0
Sim,2017-01-14,6.0,6.0,0.0
Sim,2017-01-14,6.0,7.0,0.0
Sim,2017-01-14,6.0,8.0,4054.0
Sim,2017-01-14,6.0,9.0,7.0
Sim,2017-01-14,6.0,10.0,0.0
Sim,2017-01-14,6.0,11.0,203.0
Sim,2017-01-14,6.0,12.0,0.0
Sim,2017-01-14,6.0,13.0,126.0
Sim,2017-01-14,6.0,14.0,1709.0
Sim,2017-01-14,6.0,15.0,0.0
Sim,2017-01-14,6.0,16.0,0.0
Sim,2017-01-14,6.0,17.0,0.0
Sim,2017-01-14,6.0,18.0,608.0
Sim,2017-01-14,6.0,19.0,126.0
Sim,2017-01-14,6.0,20.0,150.0
s_Q,2017-01-14,6.0,11.0,113.0
s_Q,2017-01-14,6.0,12.0,132.0
s_Q,2017-01-14,6.0,13.0,168.0
s_Q,2017-01-14,6.0,14.0,0.0
s_Q,2017-01-14,6.0,15.0,0.0
s_Q,2017-01-14,6.0,16.0,4.0
s_Q,2017-01-14,6.0,17.0,80.0
s_Q,2017-01-14,6.0,18.0,2681.0
s_Q,2017-01-14,6.0,19.0,92.0
s_Q,2017-01-14,6.0,20.0,75.0
s_Q_perishable,2017-01-14,6.0,1.0,56.0
s_Q_perishable,2017-01-14,6.0,2.0,165.0
s_Q_perishable,2017-01-14,6.0,3.0,53.0
s_Q_perishable,2017-01-14,6.0,4.0,102.0
s_Q_perishable,2017-01-14,6.0,5.0,195.0
s_Q_perishable,2017-01-14,6.0,6.0,1084.0
s_Q_perishable,2017-01-14,6.0,7.0,155.0
s_Q_perishable,2017-01-14,6.0,8.0,3686.0
s_Q_perishable,2017-01-14,6.0,9.0,109.0
s_Q_perishable,2017-01-14,6.0,10.0,131.0
Sim,2017-01-15,1.0,1.0,38.0
Sim,2017-01-15,1.0,2.0,27.0
Sim,2017-01-15,1.0,3.0,0.0
Sim,2017-01-15,1.0,4.0,0.0
Sim,2017-01-15,1.0,5.0,848.0
Sim,2017-01-15,1.0,6.0,0.0
Sim,2017-01-15,1.0,7.0,156.0
Sim,2017-01-15,1.0,8.0,0.0
Sim,2017-01-15,1.0,9.0,0.0
Sim,2017-01-15,1.0,10.0,0.0
Sim,2017-01-15,1.0,11.0,0.0
Sim,2017-01-15,1.0,12.0,0.0
Sim,2017-01-15,1.0,13.0,0.0
Sim,2017-01-15,1.0,14.0,0.0
Sim,2017-01-15,1.0,15.0,0.0
Sim,2017-01-15,1.0,16.0,0.0
Sim,2017-01-15,1.0,17.0,0.0
Sim,2017-01-15,1.0,18.0,7.0
Sim,2017-01-15,1.0,19.0,370.0
Sim,2017-01-15,1.0,20.0,0.0
s_Q,2017-01-15,1.0,11.0,67.0
s_Q,2017-01-15,1.0,12.0,114.0
s_Q,2017-01-15,1.0,13.0,109.0
s_Q,2017-01-15,1.0,14.0,154.0
s_Q,2017-01-15,1.0,15.0,81.0
s_Q,2017-01-15,1.0,16.0,124.0
s_Q,2017-01-15,1.0,17.0,209.0
s_Q,2017-01-15,1.0,18.0,67.0
s_Q,2017-01-15,1.0,19.0,867.0
s_Q,2017-01-15,1.0,20.0,187.0
s_Q_perishable,2017-01-15,1.0,1.0,555.0
s_Q_perishable,2017-01-15,1.0,2.0,132.0
s_Q_perishable,2017-01-15,1.0,3.0,108.0
s_Q_perishable,2017-01-15,1.0,4.0,1619.0
s_Q_perishable,2017-01-15,1.0,5.0,153.0
s_Q_perishable,2017-01-15,1.0,6.0,110.0
s_Q_perishable,2017-01-15,1.0,7.0,399.0
s_Q_perishable,2017-01-15,1.0,8.0,2440.0
s_Q_perishable,2017-01-15,1.0,9.0,65.0
s_Q_perishable,2017-01-15,1.0,10.0,260.0
Sim,2017-01-15,2.0,1.0,0.0
Sim,2017-01-15,2.0,2.0,49.0
Sim,2017-01-15,2.0,3.0,0.0
Sim,2017-01-15,2.0,4.0,0.0
Sim,2017-01-15,2.0,5.0,0.0
Sim,2017-01-15,2.0,6.0,15.0
Sim,2017-01-15,2.0,7.0,58.0
Sim,2017-01-15,2.0,8.0,0.0
Sim,2017-01-15,2.0,9.0,0.0
Sim,2017-01-15,2.0,10.0,0.0
Sim,2017-01-15,2.0,11.0,72.0
Sim,2017-01-15,2.0,12.0,0.0
Sim,2017-01-15,2.0,13.0,0.0
Sim,2017-01-15,2.0,14.0,0.0
Sim,2017-01-15,2.0,15.0,0.0
Sim,2017-01-15,2.0,16.0,0.0
Sim,2017-01-15,2.0,17.0,0.0
Sim,2017-01-15,2.0,18.0,504.0
Sim,2017-01-15,2.0,19.0,0.0
Sim,2017-01-15,2.0,20.0,0.0
s_Q,2017-01-15,2.0,11.0,167.0
s_Q,2017-01-15,2.0,12.0,1877.0
s_Q,2017-01-15,2.0,13.0,92.0
s_Q,2017-01-15,2.0,14.0,31.0
s_Q,2017-01-15,2.0,15.0,184.0
s_Q,2017-01-15,2.0,16.0,293.0
s_Q,2017-01-15,2.0,17.0,43.0
s_Q,2017-01-15,2.0,18.0,928.0
s_Q,2017-01-15,2.0,19.0,202.0
s_Q,2017-01-15,2.0,20.0,79.0
s_Q_perishable,2017-01-15,2.0,1.0,35.0
s_Q_perishable,2017-01-15,2.0,2.0,796.0
s_Q_perishable,2017-01-15,2.0,3.0,196.0
s_Q_perishable,2017-01-15,2.0,4.0,28.0
s_Q_perishable,2017-01-15,2.0,5.0,55.0
s_Q_perishable,2017-01-15,2.0,6.0,41.0
s_Q_perishable,2017-01-15,2.0,7.0,51.0
s_Q_perishable,2017-01-15,2.0,8.0,123.0
s_Q_perishable,2017-01-15,2.0,9.0,48.0
s_Q_perishable,2017-01-15,2.0,10.0,80.0
Sim,2017-01-15,3.0,1.0,0.0
Sim,2017-01-15,3.0,2.0,0.0
Sim,2017-01-15,3.0,3.0,101.0
Sim,2017-01-15,3.0,4.0,0.0
Sim,2017-01-15,3.0,5.0,0.0
Sim,2017-01-15,3.0,6.0,0.0
Sim,2017-01-15,3.0,7.0,15.0
Sim,2017-01-15,3.0,8.0,216.0
Sim,2017-01-15,3.0,9.0,0.0
Sim,2017-01-15,3.0,10.0,0.0
Sim,2017-01-15,3.0,11.0,0.0
Sim,2017-01-15,3.0,12.0,0.0
Sim,2017-01-15,3.0,13.0,766.0
Sim,2017-01-15,3.0,14.0,0.0
Sim,2017-01-15,3.0,15.0,3233.0
Sim,2017-01-15,3.0,16.0,302.0
Sim,2017-01-15,3.0,17.0,377.0
Sim,2017-01-15,3.0,18.0,0.0
Sim,2017-01-15,3.0,19.0,0.0
Sim,2017-01-15,3.0,20.0,0.0
s_Q,2017-01-15,3.0,11.0,187.0
s_Q,2017-01-15,3.0,12.0,106.0
s_Q,2017-01-15,3.0,13.0,177.0
s_Q,2017-01-15,3.0,14.0,243.0
s_Q,2017-01-15,3.0,15.0,1096.0
s_Q,2017-01-15,3.0,16.0,1972.0
s_Q,2017-01-15,3.0,17.0,199.0
s_Q,2017-01-15,3.0,18.0,105.0
s_Q,2017-01-15,3.0,19.0,68.0
s_Q,2017-01-15,3.0,20.0,391.0
s_Q_perishable,2017-01-15,3.0,1.0,81.0
s_Q_perishable,2017-01-15,3.0,2.0,75.0
s_Q_perishable,2017-01-15,3.0,3.0,623.0
s_Q_perishable,2017-01-15,3.0,4.0,80.0
s_Q_perishable,2017-01-15,3.0,5.0,87.0
s_Q_perishable,2017-01-15,3.0,6.0,1383.0
s_Q_perishable,2017-01-15,3.0,7.0,69.0
s_Q_perishable,2017-01-15,3.0,8.0,118.0
s_Q_perishable,2017-01-15,3.0,9.0,63.0
s_Q_perishable,2017-01-15,3.0,10.0,86.0
Sim,2017-01-15,4.0,1.0,0.0
Sim,2017-01-15,4.0,2.0,0.0
Sim,2017-01-15,4.0,3.0,0.0
Sim,2017-01-15,4.0,4.0,0.0
Sim,2017-01-15,4.0,5.0,0.0
Sim,2017-01-15,4.0,6.0,149.0
Sim,2017-01-15,4.0,7.0,0.0
Sim,2017-01-15,4.0,8.0,332.0
Sim,2017-01-15,4.0,9.0,0.0
Sim,2017-01-15,4.0,10.0,0.0
Sim,2017-01-15,4.0,11.0,0.0
Sim,2017-01-15,4.0,12.0,0.0
Sim,2017-01-15,4.0,13.0,0.0
Sim,2017-01-15,4.0,14.0,0.0
Sim,2017-01-15,4.0,15.0,0.0
Sim,2017-01-15,4.0,16.0,0.0
Sim,2017-01-15,4.0,17.0,0.0
Sim,2017-01-15,4.0,18.0,0.0
Sim,2017-01-15,4.0,19.0,0.0
Sim,2017-01-15,4.0,20.0,0.0
s_Q,2017-01-15,4.0,11.0,217.0
s_Q,2017-01-15,4.0,12.0,960.0
s_Q,2017-01-15,4.0,13.0,242.0
s_Q,2017-01-15,4.0,14.0,399.0
s_Q,2017-01-15,4.0,15.0,123.0
s_Q,2017-01-15,4.0,16.0,42.0
s_Q,2017-01-15,4.0,17.0,957.0
s_Q,2017-01-15,4.0,18.0,461.0
s_Q,2017-01-15,4.0,19.0,74.0
s_Q,2017-01-15,4.0,20.0,555.0
s_Q_perishable,2017-01-15,4.0,1.0,373.0
s_Q_perishable,2017-01-15,4.0,2.0,387.0
s_Q_perishable,2017-01-15,4.0,3.0,266.0
s_Q_perishable,2017-01-15,4.0,4.0,737.0
s_Q_perishable,2017-01-15,4.0,5.0,237.0
s_Q_perishable,2017-01-15,4.0,6.0,421.0
s_Q_perishable,2017-01-15,4.0,7.0,572.0
s_Q_perishable,2017-01-15,4.0,8.0,146.0
s_Q_perishable,2017-01-15,4.0,9.0,200.0
s_Q_perishable,2017-01-15,4.0,10.0,576.0
Sim,2017-01-15,5.0,1.0,0.0
Sim,2017-01-15,5.0,2.0,0.0
Sim,2017-01-15,5.0,3.0,0.0
Sim,2017-01-15,5.0,4.0,0.0
Sim,2017-01-15,5.0,5.0,0.0
Sim,2017-01-15,5.0,6.0,0.0
Sim,2017-01-15,5.0,7.0,0.0
Sim,2017-01-15,5.0,8.0,0.0
Sim,2017-01-15,5.0,9.0,0.0
Sim,2017-01-15,5.0,10.0,1027.0
Sim,2017-01-15,5.0,11.0,0.0
Sim,2017-01-15,5.0,12.0,207.0
Sim,2017-01-15,5.0,13.0,13.0
Sim,2017-01-15,5.0,14.0,0.0
Sim,2017-01-15,5.0,15.0,23.0
Sim,2017-01-15,5.0,16.0,0.0
Sim,2017-01-15,5.0,17.0,168.0
Sim,2017-01-15,5.0,18.0,0.0
Sim,2017-01-15,5.0,19.0,9.0
Sim,2017-01-15,5.0,20.0,15.0
s_Q,2017-01-15,5.0,11.0,163.0
s_Q,2017-01-15,5.0,12.0,967.0
s_Q,2017-01-15,5.0,13.0,85.0
s_Q,2017-01-15,5.0,14.0,83.0
s_Q,2017-01-15,5.0,15.0,74.0
s_Q,2017-01-15,5.0,16.0,523.0
s_Q,2017-01-15,5.0,17.0,181.0
s_Q,2017-01-15,5.0,18.0,229.0
s_Q,2017-01-15,5.0,19.0,168.0
s_Q,2017-01-15,5.0,20.0,148.0
s_Q_perishable,2017-01-15,5.0,1.0,688.0
s_Q_perishable,2017-01-15,5.0,2.0,171.0
s_Q_perishable,2017-01-15,5.0,3.0,65.0
s_Q_perishable,2017-01-15,5.0,4.0,805.0
s_Q_perishable,2017-01-15,5.0,5.0,2595.0
s_Q_perishable,2017-01-15,5.0,6.0,532.0
s_Q_perishable,2017-01-15,5.0,7.0,662.0
s_Q_perishable,2017-01-15,5.0,8.0,539.0
s_Q_perishable,2017-01-15,5.0,9.0,46.0
s_Q_perishable,2017-01-15,5.0,10.0,152.0
Sim,2017-01-15,6.0,1.0,0.0
Sim,2017-01-15,6.0,2.0,0.0
Sim,2017-01-15,6.0,3.0,0.0
Sim,2017-01-15,6.0,4.0,0.0
Sim,2017-01-15,6.0,5.0,24.0
Sim,2017-01-15,6.0,6.0,0.0
Sim,2017-01-15,6.0,7.0,0.0
Sim,2017-01-15,6.0,8.0,7009.0
Sim,2017-01-15,6.0,9.0,0.0
Sim,2017-01-15,6.0,10.0,0.0
Sim,2017-01-15,6.0,11.0,139.0
Sim,2017-01-15,6.0,12.0,0.0
Sim,2017-01-15,6.0,13.0,40.0
Sim,2017-01-15,6.0,14.0,2049.0
Sim,2017-01-15,6.0,15.0,0.0
Sim,2017-01-15,6.0,16.0,0.0
Sim,2017-01-15,6.0,17.0,0.0
Sim,2017-01-15,6.0,18.0,980.0
Sim,2017-01-15,6.0,19.0,158.0
Sim,2017-01-15,6.0,20.0,165.0
s_Q,2017-01-15,6.0,11.0,107.0
s_Q,2017-01-15,6.0,12.0,132.0
s_Q,2017-01-15,6.0,13.0,82.0
s_Q,2017-01-15,6.0,14.0,726.0
s_Q,2017-01-15,6.0,15.0,119.0
s_Q,2017-01-15,6.0,16.0,66.0
s_Q,2017-01-15,6.0,17.0,58.0
s_Q,2017-01-15,6.0,18.0,1670.0
s_Q,2017-01-15,6.0,19.0,70.0
s_Q,2017-01-15,6.0,20.0,75.0
s_Q_perishable,2017-01-15,6.0,1.0,34.0
s_Q_perishable,2017-01-15,6.0,2.0,165.0
s_Q_perishable,2017-01-15,6.0,3.0,29.0
s_Q_perishable,2017-01-15,6.0,4.0,186.0
s_Q_perishable,2017-01-15,6.0,5.0,119.0
s_Q_perishable,2017-01-15,6.0,6.0,526.0
s_Q_perishable,2017-01-15,6.0,7.0,80.0
s_Q_perishable,2017-01-15,6.0,8.0,3686.0
s_Q_perishable,2017-01-15,6.0,9.0,68.0
s_Q_perishable,2017-01-15,6.0,10.0,93.0
